Workbook

Sheet GCF_2025
A1: 46022 | D1: Veiklos laikotarpis, metais | E1: Strategija | F1: Grynųjų aktyvų vertė, mln. Eur [6] | G1: Dalyvių skaičius | I1: Grąža | T1: Rizika [3] | W1: Išlaidų rodikliai (2024 m.)
A2: Pensijų kaupimo bendrovės pavadinimas | B2: Fondo kodas | C2: Pensijų fondo pavadinimas | E2: rizikingų aktyvų dalis fonde, proc. [5] | I2: vieneto vertės pokytis nuo metų pradžios, proc. [1] | J2: vieneto vertės pokytis [1] per praėjusius 1 metus, proc. | K2: vidutinis metinis vieneto vertės pokytis [10] per praėjusius 3 metus, proc. | L2: vidutinis metinis vieneto vertės pokytis [10] per praėjusius 5 metus, proc. | M2: vidutinis metinis vieneto vertės pokytis [1] nuo faktinės GCF [12] pradžios | N2: lyginamojo indekso vertės pokytis nuo metų pradžios, proc. [2] | O2: lyginamojo indekso vertės pokytis [2] per praėjusius 1 metus, proc. | P2: vidutinis lyginamojo indekso vertės pokytis [10] per praėjusius 3 metus, proc. | Q2: vidutinis lyginamojo indekso vertės pokytis [10] per praėjusius 5 metus, proc. | R2: vidutinis metinis lyginamojo indekso vertės pokytis [2] nuo faktinės GCF [12] pradžios | T2: vieneto vertės standartinis nuokrypis, per praėjusius 3 metus, proc. | U2: lyginamojo indekso standartinis nuokrypis, per praėjusius 3 metus, proc. | W2: BAR, proc. [8] | X2: Sąlyginis BIK, proc. [9] | Y2: Tikėtinas sąlyginis BIK, proc. [9]
A3: Tikslinės pensijų fondų dalyvių grupės pensijų fondai, 2003-2009 | G3: Svertinis vidurkis [4]: | I3: 6.0766499 | J3: 6.0766499 | K3: Veikia trumpiau | L3: Veikia trumpiau | M3: 6.0766499 | N3: 7.3524061 | O3: 7.3524061 | P3: Veikia trumpiau | Q3: Veikia trumpiau | R3: 7.3524061 | T3: Veikia trumpiau | U3: Veikia trumpiau
A4: Luminor investicijų valdymas UAB | B4: LMN-03/09 | C4: Luminor 2003-2009 tikslinės grupės pensijų fondas | D4: 1 m. | E4: 90 | F4: 4.1563697 | G4: 5919 | I4: 5.61 | J4: 5.61 | K4: Veikia trumpiau | L4: Veikia trumpiau | M4: 5.61 | N4: 8.4596 | O4: 8.4596 | P4: Veikia trumpiau | Q4: Veikia trumpiau | R4: 8.4596 | T4: Veikia trumpiau | U4: Veikia trumpiau | W4: - | X4: - | Y4: -
A5: UAB Artea Asset Management | B5: INV-03/09 | C5: Artea pensija 2003-2009 Index Plus | D5: 1 m. | E5: 97 | F5: 2.4900215 | G5: 4241 | I5: 6.64 | J5: 6.64 | K5: Veikia trumpiau | L5: Veikia trumpiau | M5: 6.64 | N5: 7.7931 | O5: 7.7931 | P5: Veikia trumpiau | Q5: Veikia trumpiau | R5: 7.7931 | T5: Veikia trumpiau | U5: Veikia trumpiau | W5: - | X5: - | Y5: -
A6: UAB „SEB investicijų valdymas“ | B6: SBN-03/09 | C6: SEB 2003-2009 metų tikslinės grupės pensijų kaupimo fondas | D6: 1 m. | E6: 98 | F6: 2.9165787 | G6: 3053 | I6: 5.12 | J6: 5.12 | K6: Veikia trumpiau | L6: Veikia trumpiau | M6: 5.12 | N6: 8.0323 | O6: 8.0323 | P6: Veikia trumpiau | Q6: Veikia trumpiau | R6: 8.0323 | T6: Veikia trumpiau | U6: Veikia trumpiau | W6: - | X6: - | Y6: -
A7: UAB „Swedbank investicijų valdymas“ | B7: SWD-03/09 | C7: Swedbank pensija 2003-2009 | D7: 1 m. | E7: 97 | F7: 4.3606964 | G7: 3767 | I7: 3.93 | J7: 3.93 | K7: Veikia trumpiau | L7: Veikia trumpiau | M7: 3.93 | N7: 6.9256 | O7: 6.9256 | P7: Veikia trumpiau | Q7: Veikia trumpiau | R7: 6.9256 | T7: Veikia trumpiau | U7: Veikia trumpiau | W7: - | X7: - | Y7: -
A8: Allianz Lietuva gyvybės draudimas UAB | B8: AVI-03/09 | C8: Allianz D1 2003-2009 tikslinės grupės pensijų fondas | D8: 1 m. | E8: 90 | F8: 2.1753071 | G8: 2449 | I8: 9.98 | J8: 9.98 | K8: Veikia trumpiau | L8: Veikia trumpiau | M8: 9.98 | N8: 5.5455 | O8: 5.5455 | P8: Veikia trumpiau | Q8: Veikia trumpiau | R8: 5.5455 | T8: Veikia trumpiau | U8: Veikia trumpiau | W8: - | X8: - | Y8: -
A9: Goindex, UAB [11] | B9: GOX-03/09 | C9: Goindex pensija 2003-2009 tikslinės grupės pensijų fondas | D9: 1 m. | E9: 100 | F9: 4.6978947 | G9: 4755 | I9: 6.97 | J9: 6.97 | K9: Veikia trumpiau | L9: Veikia trumpiau | M9: 6.97 | N9: 6.95 | O9: 6.95 | P9: Veikia trumpiau | Q9: Veikia trumpiau | R9: 6.95 | T9: Veikia trumpiau | U9: Veikia trumpiau | W9: - | X9: - | Y9: -
A10: Tikslinės pensijų fondų dalyvių grupės pensijų fondai, 1996-2002 | G10: Svertinis vidurkis [4]: | I10: 6.5912777 | J10: 6.5912777 | K10: 14.327236 | L10: 9.6553655 | M10: 10.758475 | N10: 7.6988505 | O10: 7.6988505 | P10: 16.131279 | Q10: 11.168683 | R10: 12.163586
A11: Luminor investicijų valdymas UAB | B11: LMN-96/02 | C11: Luminor 1996–2002 tikslinės grupės pensijų fondas | D11: 7m. | E11: 90 | F11: 37.472794 | G11: 14957 | I11: 7.5594067 | J11: 7.5594067 | K11: 14.63502 | L11: 8.3632218 | M11: 10.583084 | N11: 8.8673133 | O11: 8.8673133 | P11: 15.678993 | Q11: 10.173084 | R11: 11.673338 | T11: 10.06397 | U11: 10.378472 | W11: 0.49 | X11: 0.7 | Y11: -
A12: UAB Artea Asset Management | B12: INV-96/02 | C12: Artea pensija 1996–2002 Index Plus | D12: 7m. | E12: 97 | F12: 59.517167 | G12: 19326 | I12: 8.1376665 | J12: 8.1376665 | K12: 13.709859 | L12: 10.17796 | M12: 11.068157 | N12: 8.4179276 | O12: 8.4179276 | P12: 15.601022 | Q12: 10.945158 | R12: 12.266888 | T12: 9.5172305 | U12: 11.210352 | W12: 0.5 | X12: - | Y12: 1.06
A13: UAB „SEB investicijų valdymas“ | B13: SBN-96/02 | C13: SEB 1996–2002 metų tikslinės grupės pensijų kaupimo fondas | D13: 7m. | E13: 98 | F13: 85.870047 | G13: 22171 | I13: 6.8009563 | J13: 6.8009563 | K13: 14.576113 | L13: 9.7201038 | M13: 11.168953 | N13: 8.7022104 | O13: 8.7022104 | P13: 17.879221 | Q13: 12.280018 | R13: 13.372685 | T13: 10.601815 | U13: 11.581169 | W13: 0.5 | X13: - | Y13: 0.78
A14: UAB „Swedbank investicijų valdymas“ | B14: SWD-96/02 | C14: Swedbank pensija 1996–2002 [7] | D14: 7m. | E14: 97 | F14: 188.41916 | G14: 50784 | I14: 4.0944379 | J14: 4.0944379 | K14: 13.111689 | L14: 9.3897645 | M14: 10.414898 | N14: 7.4805838 | O14: 7.4805838 | P14: 16.213889 | Q14: 11.209001 | R14: 12.314826 | T14: 10.956221 | U14: 11.179359 | W14: 0.41 | X14: - | Y14: 0.6699
A15: Allianz Lietuva gyvybės draudimas UAB | B15: AVI-96/02 | C15: Allianz Y3 1996–2002 tikslinės grupės pensijų fondas | D15: 7m. | E15: 90 | F15: 69.952308 | G15: 19939 | I15: 10.03453 | J15: 10.03453 | K15: 16.222712 | L15: 10.538855 | M15: 11.196142 | N15: 5.9134873 | O15: 5.9134873 | P15: 14.346589 | Q15: 10.419378 | R15: 11.472872 | T15: 10.838279 | U15: 10.520281 | W15: 0.5 | X15: 1.11 | Y15: -
A16: Goindex, UAB | B16: GOX-96/02 | C16: Goindex pensija 1996–2002 tikslinės grupės pensijų fondas | D16: 3 m. 5 mėn. | E16: 100 | F16: 47.484372 | G16: 12840 | I16: 8.3448807 | J16: 8.3448807 | K16: 16.439071 | L16: Veikia trumpiau | M16: 10.48499 | N16: 7.5572113 | O16: 7.5572113 | P16: 16.29322 | Q16: Veikia trumpiau | R16: 10.651887 | T16: 11.247602 | U16: 11.471015 | W16: 0.4469 | X16: 0.5734 | Y16: -
A17: Tikslinės pensijų fondų dalyvių grupės pensijų fondai, 1989-1995 | G17: Svertinis vidurkis [4]: | I17: 6.6840296 | J17: 6.6840296 | K17: 14.079313 | L17: 9.7086262 | M17: 10.850926 | N17: 7.7652444 | O17: 7.7652444 | P17: 16.187721 | Q17: 11.209027 | R17: 12.271585
A18: Luminor investicijų valdymas UAB | B18: LMN-89/95 | C18: Luminor 1989–1995 tikslinės grupės pensijų fondas | D18: 7m. | E18: 90 | F18: 103.47337 | G18: 22623 | I18: 7.5067881 | J18: 7.5067881 | K18: 14.687656 | L18: 8.4278535 | M18: 10.551851 | N18: 8.8673133 | O18: 8.8673133 | P18: 15.678993 | Q18: 10.173084 | R18: 11.673338 | T18: 10.060781 | U18: 10.378472 | W18: 0.49 | X18: 0.71 | Y18: -
A19: UAB Artea Asset Management | B19: INV-89/95 | C19: Artea pensija 1989–1995 Index Plus | D19: 7m. | E19: 97 | F19: 192.49501 | G19: 36524 | I19: 8.0419218 | J19: 8.0419218 | K19: 13.360042 | L19: 10.160751 | M19: 11.038496 | N19: 8.4179276 | O19: 8.4179276 | P19: 15.601022 | Q19: 10.945158 | R19: 12.266888 | T19: 9.070072 | U19: 11.210352 | W19: 0.5 | X19: - | Y19: 1.27
A20: UAB „SEB investicijų valdymas“ | B20: SBN-89/95 | C20: SEB 1989–1995 metų tikslinės grupės pensijų kaupimo fondas | D20: 7m. | E20: 98 | F20: 279.46909 | G20: 46452 | I20: 6.6755401 | J20: 6.6755401 | K20: 14.353559 | L20: 9.6259649 | M20: 11.049149 | N20: 8.7022104 | O20: 8.7022104 | P20: 17.879221 | Q20: 12.280018 | R20: 13.372685 | T20: 10.476499 | U20: 11.581169 | W20: 0.5 | X20: - | Y20: 0.81
A21: UAB „Swedbank investicijų valdymas“ | B21: SWD-89/95 | C21: Swedbank pensija 1989–1995 [7] | D21: 7m. | E21: 97 | F21: 541.1594 | G21: 96020 | I21: 4.7038235 | J21: 4.7038235 | K21: 12.858817 | L21: 9.461512 | M21: 10.682627 | N21: 7.4805838 | O21: 7.4805838 | P21: 16.213889 | Q21: 11.209001 | R21: 12.314826 | T21: 10.607805 | U21: 11.179359 | W21: 0.41 | X21: - | Y21: 0.683
A22: Allianz Lietuva gyvybės draudimas UAB | B22: AVI-89/95 | C22: Allianz Y2 1989–1995 tikslinės grupės pensijų fondas | D22: 7m. | E22: 90 | F22: 178.95154 | G22: 34360 | I22: 9.9994776 | J22: 9.9994776 | K22: 16.734572 | L22: 10.839231 | M22: 11.213491 | N22: 5.9134873 | O22: 5.9134873 | P22: 14.346589 | Q22: 10.419378 | R22: 11.472872 | T22: 10.162212 | U22: 10.520281 | W22: 0.5 | X22: 0.93 | Y22: -
A23: Goindex, UAB | B23: GOX-89/95 | C23: Goindex pensija 1989–1995 tikslinės grupės pensijų fondas | D23: 3 m. 5 mėn. | E23: 100 | F23: 77.413357 | G23: 13448 | I23: 8.4169884 | J23: 8.4169884 | K23: 16.458556 | L23: Veikia trumpiau | M23: 10.407048 | N23: 7.5572113 | O23: 7.5572113 | P23: 16.29322 | Q23: Veikia trumpiau | R23: 10.651887 | T23: 11.234738 | U23: 11.471015 | W23: 0.4466 | X23: 0.5766 | Y23: -
A24: Tikslinės pensijų fondų dalyvių grupės pensijų fondai, 1982-1988 | G24: Svertinis vidurkis [4]: | I24: 6.8018139 | J24: 6.8018139 | K24: 14.120698 | L24: 9.7681313 | M24: 10.94075 | N24: 7.8496558 | O24: 7.8496558 | P24: 16.272348 | Q24: 11.263214 | R24: 12.359967
A25: Luminor investicijų valdymas UAB | B25: LMN-82/88 | C25: Luminor 1982–1988 tikslinės grupės pensijų fondas | D25: 7m. | E25: 90 | F25: 182.51375 | G25: 28878 | I25: 7.4398249 | J25: 7.4398249 | K25: 14.73898 | L25: 8.5308702 | M25: 10.503334 | N25: 8.8673133 | O25: 8.8673133 | P25: 15.678993 | Q25: 10.173084 | R25: 11.673338 | T25: 10.004816 | U25: 10.378472 | W25: 0.49 | X25: 0.72 | Y25: -
A26: UAB Artea Asset Management | B26: INV-82/88 | C26: Artea pensija 1982–1988 Index Plus | D26: 7m. | E26: 97 | F26: 321.58775 | G26: 42682 | I26: 8.1311373 | J26: 8.1311373 | K26: 13.356769 | L26: 10.220276 | M26: 11.02936 | N26: 8.4179276 | O26: 8.4179276 | P26: 15.601022 | Q26: 10.945158 | R26: 12.266888 | T26: 9.0340028 | U26: 11.210352 | W26: 0.5 | X26: - | Y26: 1.26
A27: UAB „SEB investicijų valdymas“ | B27: SBN-82/88 | C27: SEB 1982–1988 metų tikslinės grupės pensijų kaupimo fondas | D27: 7m. | E27: 98 | F27: 578.57099 | G27: 74338 | I27: 6.6104294 | J27: 6.6104294 | K27: 14.244515 | L27: 9.6034614 | M27: 11.060556 | N27: 8.7022104 | O27: 8.7022104 | P27: 17.879221 | Q27: 12.280018 | R27: 13.372685 | T27: 10.423404 | U27: 11.581169 | W27: 0.5 | X27: - | Y27: 0.82
A28: UAB „Swedbank investicijų valdymas“ | B28: SWD-82/88 | C28: Swedbank pensija 1982–1988 [7] | D28: 7m. | E28: 97 | F28: 733.87588 | G28: 114002 | I28: 4.68405 | J28: 4.68405 | K28: 12.898401 | L28: 9.609903 | M28: 10.836959 | N28: 7.4805838 | O28: 7.4805838 | P28: 16.213889 | Q28: 11.209001 | R28: 12.314826 | T28: 10.600653 | U28: 11.179359 | W28: 0.41 | X28: - | Y28: 0.6896
A29: Allianz Lietuva gyvybės draudimas UAB | B29: AVI-82/88 | C29: Allianz Y1 1982–1988 tikslinės grupės pensijų fondas | D29: 7m. | E29: 90 | F29: 293.01943 | G29: 48030 | I29: 10.186589 | J29: 10.186589 | K29: 16.752115 | L29: 10.763991 | M29: 11.233838 | N29: 5.9134873 | O29: 5.9134873 | P29: 14.346589 | Q29: 10.419378 | R29: 11.472872 | T29: 10.177916 | U29: 10.520281 | W29: 0.5 | X29: 0.97 | Y29: -
A30: Goindex, UAB | B30: GOX-82/88 | C30: Goindex pensija 1982–1988 tikslinės grupės pensijų fondas | D30: 3 m. 5 mėn. | E30: 100 | F30: 80.566328 | G30: 10505 | I30: 8.4049739 | J30: 8.4049739 | K30: 16.443577 | L30: Veikia trumpiau | M30: 10.597084 | N30: 7.5572113 | O30: 7.5572113 | P30: 16.29322 | Q30: Veikia trumpiau | R30: 10.651887 | T30: 11.256195 | U30: 11.471015 | W30: 0.4466 | X30: 0.577 | Y30: -
A31: Tikslinės pensijų fondų dalyvių grupės pensijų fondai, 1975-1981 | G31: Svertinis vidurkis [4]: | I31: 6.7685894 | J31: 6.7685894 | K31: 14.053189 | L31: 9.7338052 | M31: 11.009541 | N31: 7.7981503 | O31: 7.7981503 | P31: 16.289257 | Q31: 11.280439 | R31: 12.514961
A32: Luminor investicijų valdymas UAB | B32: LMN-75/81 | C32: Luminor 1975–1981 tikslinės grupės pensijų fondas | D32: 7m. | E32: 90 | F32: 187.64337 | G32: 19611 | I32: 7.2530864 | J32: 7.2530864 | K32: 14.707147 | L32: 8.6136655 | M32: 10.52213 | N32: 8.8673133 | O32: 8.8673133 | P32: 15.678993 | Q32: 10.173084 | R32: 11.673338 | T32: 9.9957415 | U32: 10.378472 | W32: 0.49 | X32: 0.72 | Y32: -
A33: UAB Artea Asset Management | B33: INV-75/81 | C33: Artea pensija 1975–1981 Index Plus | D33: 7m. | E33: 97 | F33: 311.22315 | G33: 25872 | I33: 7.8482194 | J33: 7.8482194 | K33: 13.133303 | L33: 10.113204 | M33: 11.024028 | N33: 8.1573001 | O33: 8.1573001 | P33: 15.508316 | Q33: 10.891766 | R33: 12.228324 | T33: 8.9049332 | U33: 11.15897 | W33: 0.5 | X33: - | Y33: 1.28
A34: UAB „SEB investicijų valdymas“ | B34: SBN-75/81 | C34: SEB 1975–1981 metų tikslinės grupės pensijų kaupimo fondas | D34: 7m. | E34: 98 | F34: 686.27158 | G34: 62239 | I34: 6.605523 | J34: 6.605523 | K34: 14.18939 | L34: 9.5762188 | M34: 11.375641 | N34: 8.7021838 | O34: 8.7021838 | P34: 17.879174 | Q34: 12.279917 | R34: 13.822147 | T34: 10.38007 | U34: 11.581183 | W34: 0.5 | X34: - | Y34: 0.82
A35: UAB „Swedbank investicijų valdymas“ | B35: SWD-75/81 | C35: Swedbank pensija 1975–1981 [7] | D35: 7m. | E35: 97 | F35: 838.96081 | G35: 96814 | I35: 4.8716191 | J35: 4.8716191 | K35: 12.889449 | L35: 9.6414824 | M35: 10.860365 | N35: 7.4805838 | O35: 7.4805838 | P35: 16.213889 | Q35: 11.209001 | R35: 12.314826 | T35: 10.523927 | U35: 11.179359 | W35: 0.41 | X35: - | Y35: 0.6963
A36: Allianz Lietuva gyvybės draudimas UAB | B36: AVI-75/81 | C36: Allianz X3 1975–1981 tikslinės grupės pensijų fondas | D36: 7m. | E36: 90 | F36: 345.18833 | G36: 40106 | I36: 10.151612 | J36: 10.151612 | K36: 16.620097 | L36: 10.538326 | M36: 11.004212 | N36: 5.9134873 | O36: 5.9134873 | P36: 14.346589 | Q36: 10.419378 | R36: 11.472872 | T36: 10.172996 | U36: 10.520281 | W36: 0.5 | X36: 0.98 | Y36: -
A37: Goindex, UAB | B37: GOX-75/81 | C37: Goindex pensija 1975–1981 tikslinės grupės pensijų fondas | D37: 3 m. 5 mėn. | E37: 100 | F37: 65.660426 | G37: 5044 | I37: 8.4239759 | J37: 8.4239759 | K37: 16.495647 | L37: Veikia trumpiau | M37: 10.441451 | N37: 7.5572113 | O37: 7.5572113 | P37: 16.29322 | Q37: Veikia trumpiau | R37: 10.651887 | T37: 11.235966 | U37: 11.471015 | W37: 0.4469 | X37: 0.5782 | Y37: -
A38: Tikslinės pensijų fondų dalyvių grupės pensijų fondai, 1968-1974 | G38: Svertinis vidurkis [4]: | I38: 5.9008404 | J38: 5.9008404 | K38: 11.904877 | L38: 8.0109179 | M38: 9.5594241 | N38: 6.230927 | O38: 6.230927 | P38: 13.198716 | Q38: 8.702144 | R38: 10.463459
A39: Luminor investicijų valdymas UAB | B39: LMN-68/74 | C39: Luminor 1968–1974 tikslinės grupės pensijų fondas | D39: 7m. | E39: 65 | F39: 170.57983 | G39: 17990 | I39: 6.5132387 | J39: 6.5132387 | K39: 12.618039 | L39: 7.3420304 | M39: 9.6509178 | N39: 6.8624145 | O39: 6.8624145 | P39: 13.08079 | Q39: 8.381148 | R39: 10.37393 | T39: 8.0763417 | U39: 8.6678001 | W39: 0.49 | X39: 0.73 | Y39: -
A40: UAB Artea Asset Management | B40: INV-68/74 | C40: Artea pensija 1968–1974 Index Plus | D40: 7m. | E40: 61.18 | F40: 248.29906 | G40: 22088 | I40: 7.6017008 | J40: 7.6017008 | K40: 11.181691 | L40: 8.0564922 | M40: 9.3688347 | N40: 7.2509023 | O40: 7.2509023 | P40: 12.735413 | Q40: 7.7849618 | R40: 9.8149586 | T40: 6.2715084 | U40: 8.2435801 | W40: 0.5 | X40: - | Y40: 1.1
A41: UAB „SEB investicijų valdymas“ | B41: SBN-68/74 | C41: SEB 1968–1974 metų tikslinės grupės pensijų kaupimo fondas | D41: 7m. | E41: 63.3 | F41: 579.84995 | G41: 52924 | I41: 5.7558753 | J41: 5.7558753 | K41: 11.839916 | L41: 7.7810861 | M41: 9.6238093 | N41: 6.9013374 | O41: 6.9013374 | P41: 14.222371 | Q41: 9.4993532 | R41: 11.210935 | T41: 7.8274596 | U41: 8.8567233 | W41: 0.5 | X41: - | Y41: 0.77
A42: UAB „Swedbank investicijų valdymas“ | B42: SWD-68/74 | C42: Swedbank pensija 1968–1974 [7] | D42: 7m. | E42: 65 | F42: 803.83453 | G42: 93440 | I42: 3.3027318 | J42: 3.3027318 | K42: 10.655024 | L42: 7.9630315 | M42: 9.6282856 | N42: 5.6635347 | O42: 5.6635347 | P42: 12.925598 | Q42: 8.616688 | R42: 10.439927 | T42: 8.0703747 | U42: 8.8508144 | W42: 0.41 | X42: - | Y42: 0.647
A43: Allianz Lietuva gyvybės draudimas UAB | B43: AVI-68/74 | C43: Allianz X2 1968–1974 tikslinės grupės pensijų fondas | D43: 7m. | E43: 65 | F43: 339.84283 | G43: 38562 | I43: 10.41543 | J43: 10.41543 | K43: 14.564893 | L43: 8.8187719 | M43: 9.2668434 | N43: 5.1931337 | O43: 5.1931337 | P43: 12.090342 | Q43: 8.3752922 | R43: 9.7378122 | T43: 8.0333058 | U43: 8.359713 | W43: 0.5 | X43: 0.89 | Y43: -
A44: Goindex, UAB | B44: GOX-68/74 | C44: Goindex pensija 1968–1974 tikslinės grupės pensijų fondas | D44: 3 m. 5 mėn. | E44: 100 | F44: 44.530987 | G44: 3549 | I44: 8.4040747 | J44: 8.4040747 | K44: 16.3124 | L44: Veikia trumpiau | M44: 10.423106 | N44: 7.5572113 | O44: 7.5572113 | P44: 16.29322 | Q44: Veikia trumpiau | R44: 10.651887 | T44: 11.248519 | U44: 11.471015 | W44: 0.4464 | X44: 0.5777 | Y44: -
A45: Tikslinės pensijų fondų dalyvių grupės pensijų fondai, 1961-1967 | G45: Svertinis vidurkis [4]: | I45: 4.5730159 | J45: 4.5730159 | K45: 8.4949853 | L45: 4.4568966 | M45: 5.9419099 | N45: 4.1466298 | O45: 4.1466298 | P45: 8.7265959 | Q45: 4.1495585 | R45: 6.0487945
A46: Luminor investicijų valdymas UAB | B46: LMN-61/67 | C46: Luminor 1961–1967 tikslinės grupės pensijų fondas | D46: 7m. | E46: 30 | F46: 126.72778 | G46: 15881 | I46: 5.3947094 | J46: 5.3947094 | K46: 8.977522 | L46: 3.9747678 | M46: 6.1391762 | N46: 5.3706778 | O46: 5.3706778 | P46: 9.1735444 | Q46: 4.5931333 | R46: 6.6164534 | T46: 5.6666193 | U46: 6.1242627 | W46: 0.49 | X46: 0.71 | Y46: -
A47: UAB Artea Asset Management | B47: INV-61/67 | C47: Artea pensija 1961–1967 Index Plus | D47: 7m. | E47: 25.35 | F47: 152.67929 | G47: 16740 | I47: 6.2491203 | J47: 6.2491203 | K47: 8.8986728 | L47: 4.759661 | M47: 6.0571433 | N47: 5.5526116 | O47: 5.5526116 | P47: 8.995857 | Q47: 3.1723244 | R47: 5.3650948 | T47: 4.0243488 | U47: 4.9537152 | W47: 0.5 | X47: - | Y47: 0.83
A48: UAB „SEB investicijų valdymas“ | B48: SBN-61/67 | C48: SEB 1961–1967 metų tikslinės grupės pensijų kaupimo fondas | D48: 7m. | E48: 30.8 | F48: 413.40451 | G48: 45315 | I48: 4.2711299 | J48: 4.2711299 | K48: 8.6406116 | L48: 4.3600511 | M48: 5.9727127 | N48: 4.431848 | O48: 4.431848 | P48: 9.3391728 | Q48: 5.024597 | R48: 6.9083633 | T48: 4.8946719 | U48: 5.9073267 | W48: 0.5 | X48: - | Y48: 0.67
A49: UAB „Swedbank investicijų valdymas“ | B49: SWD-61/67 | C49: Swedbank pensija 1961–1967 [7] | D49: 7m. | E49: 30 | F49: 578.75342 | G49: 78991 | I49: 2.7183263 | J49: 2.7183263 | K49: 7.6910795 | L49: 4.5111439 | M49: 6.1896193 | N49: 3.4469752 | O49: 3.4469752 | P49: 8.5532332 | Q49: 3.5944014 | R49: 5.8564489 | T49: 4.968737 | U49: 6.2231479 | W49: 0.41 | X49: - | Y49: 0.4874
A50: Allianz Lietuva gyvybės draudimas UAB | B50: AVI-61/67 | C50: Allianz X1 1961–1967 tikslinės grupės pensijų fondas | D50: 7m. | E50: 30 | F50: 267.26285 | G50: 34648 | I50: 7.730711 | J50: 7.730711 | K50: 9.528529 | L50: 4.5448767 | M50: 5.1771872 | N50: 3.8418357 | O50: 3.8418357 | P50: 7.7630505 | Q50: 4.3461605 | R50: 5.2277987 | T50: 4.5630576 | U50: 4.7479491 | W50: 0.5 | X50: 0.78 | Y50: -
A51: Goindex, UAB | B51: GOX-61/67 | C51: Goindex pensija 1961–1967 tikslinės grupės pensijų fondas | D51: 3 m. 5 mėn. | E51: 30 | F51: 13.551248 | G51: 1335 | I51: 4.1476985 | J51: 4.1476985 | K51: 8.9412369 | L51: Veikia trumpiau | M51: 6.3619741 | N51: 4.0501044 | O51: 4.0501044 | P51: 9.2328798 | Q51: Veikia trumpiau | R51: 6.6274377 | T51: 5.3267265 | U51: 5.6942509 | W51: 0.4467 | X51: 0.5933 | Y51: -
A52: Pensijų turto išsaugojimo pensijų fondai | G52: Svertinis vidurkis [4]: | I52: 3.461352 | J52: 3.461352 | K52: 5.8266388 | L52: 1.56599 | M52: 2.3599239 | N52: 2.8248504 | O52: 2.8248504 | P52: 5.4993007 | Q52: 0.74022885 | R52: 1.8868511
A53: Luminor investicijų valdymas UAB | B53: LMN-TIPF | C53: Luminor turto išsaugojimo fondas | D53: 7m. | E53: 10 | F53: 28.106035 | G53: 4809 | I53: 3.3939723 | J53: 3.3939723 | K53: 5.0407497 | L53: 1.1128928 | M53: 1.9185606 | N53: 4.6665201 | O53: 4.6665201 | P53: 5.5737644 | Q53: 1.6924115 | R53: 2.4027474 | T53: 3.3890977 | U53: 3.5782713 | W53: 0.19 | X53: 0.34 | Y53: -
A54: UAB Artea Asset Management | B54: INV-TIPF | C54: Artea pensijų turto išsaugojimo fondas | D54: 7m. | E54: 17 | F54: 30.375756 | G54: 4267 | I54: 3.0716438 | J54: 3.0716438 | K54: 5.6804193 | L54: 2.0239299 | M54: 3.0170472 | N54: 2.9981658 | O54: 2.9981658 | P54: 5.1895716 | Q54: 1.5280183 | R54: 2.7597092 | T54: 2.6351452 | U54: 2.6065821 | W54: 0.2 | X54: - | Y54: 0.28
A55: UAB „SEB investicijų valdymas“ | B55: SBN-TIPF | C55: SEB turto išsaugojimo pensijų kaupimo fondas | D55: 7m. | E55: 15 | F55: 97.240802 | G55: 10998 | I55: 3.3638344 | J55: 3.3638344 | K55: 6.0807482 | L55: 1.6223057 | M55: 2.4661635 | N55: 2.7338326 | O55: 2.7338326 | P55: 5.6621719 | Q55: 1.1443204 | R55: 2.2168406 | T55: 3.2896385 | U55: 4.3601255 | W55: 0.2 | X55: 0.32 | Y55: -
A56: UAB „Swedbank investicijų valdymas“ | B56: SWD-TIPF | C56: Swedbank turto išsaugojimo pensijų fondas | D56: 7m. | E56: 15 | F56: 133.49014 | G56: 12268 | I56: 1.9925496 | J56: 1.9925496 | K56: 5.7256106 | L56: 1.6350399 | M56: 2.3572983 | N56: 2.4281247 | O56: 2.4281247 | P56: 6.0064115 | Q56: -0.27668319 | R56: 1.5221575 | T56: 3.5472974 | U56: 5.029629 | W56: 0.2 | X56: - | Y56: 0.2208
A57: Allianz Lietuva gyvybės draudimas UAB | B57: AVI-TIPF | C57: Allianz S turto išsaugojimo pensijų fondas | D57: 7m. | E57: 10 | F57: 70.272019 | G57: 10683 | I57: 6.6169017 | J57: 6.6169017 | K57: 6.1333062 | L57: 1.3401651 | M57: 2.1022206 | N57: 2.897075 | O57: 2.897075 | P57: 4.4739253 | Q57: 1.3914378 | R57: 1.5086594 | T57: 2.7585579 | U57: 2.6173922 | W57: 0.2 | X57: 0.37 | Y57: -
A58: Goindex, UAB | B58: GOX-TIPF | C58: Goindex turto išsaugojimo pensijų fondas | D58: 3 m. 5 mėn. | E58: 0 | F58: 2.2987906 | G58: 158 | I58: 2.3903262 | J58: 2.3903262 | K58: 3.1104633 | L58: Veikia trumpiau | M58: 2.6093402 | N58: 2.6976571 | O58: 2.6976571 | P58: 3.6890345 | Q58: Veikia trumpiau | R58: 2.8253127 | T58: 2.066713 | U58: 2.2390701 | W58: 0.1793 | X58: 0.3317 | Y58: -
G60: Visų pensijų fondų svertinis vidurkis [4]: | I60: 6.1420298 | J60: 6.1420298 | K60: 12.543418 | L60: 8.2964132 | M60: 9.6181103 | N60: 6.7720641 | O60: 6.7720641 | P60: 14.149428 | Q60: 9.2851722 | R60: 10.693598
A62: Pastaba: praeities rezultatai negarantuoja, kad tokie patys ar panašūs rezultatai bus ir ateityje. Įtakos 2019 m. pirmojo pusmečio pensijų fondų rezultatams galėjo turėti skirtingu laiku vykdytas turto perkėlimas į tikslinės grupės ir turto išsaugojimo pensijų fondus bei skirtingas fondų dydis nagrinėjamu laikotarpiu.
A63: [1] Apskaitos vieneto vertės pokytis. Juo atsižvelgiama į atskaitymus nuo turto.
A64: [2] Lyginamasis indeksas apibrėžiamas kaip pensijų kaupimo bendrovės pasirinktas orientacinis investicijų portfelis, atitinkantis fondo investavimo strategiją, su kurio vertės pokyčio reikšme lyginama fondo investicijų portfelio investicijų grąža.
A65: [3] Rodikliui apskaičiuoti naudoti mėnesiniai apskaitos vieneto (lyginamojo indekso) verčių pokyčiai, rezultatas perskaičiuotas į metinį. Standartinis nuokrypis parodo, kaip intensyviai per laikotarpį svyruoja fondo investicinio vieneto vertė (lyginamojo indekso vertė). Kuo šis rodiklis didesnis, tuo didesnė rizika.
A66: [4] Svertiniam vidurkiui apskaičiuoti naudotas 2025-12-31 dienos fondų grynųjų aktyvų dydis.
A67: [5] Investicijų į akcijas dalis, numatyta pensijų fondo strategijoje. Rizikingų turto klasių dalis gali būti padidinta arba sumažinta iki 10 procentinių punktų.
A68: [6] Grynieji aktyvai – pensijų fondą sudarančio turto ir įsipareigojimų verčių skirtumas.
A69: [7] Šie UAB „Swedbank investicijų valdymas“ valdomi pensijų fondai pradėjo veiklą 2018-03-01, tačiau dėl 2019 m. sausio mėnesį įsigaliojusios pensijų pertvarkos pagal galiojančius teisės aktus buvo įsteigti iš naujo, todėl jų rezultatai skaičiuojami nuo 2019 m. sausio 1 d. (kaip ir visų II pakopos pensijų fondų).
A70: [8] Bendrasis atskaitymų rodiklis (BAR) – procentinis dydis, apskaičiuojamas bendrąsias veiklos išlaidas (kurias sudaro atskaitymai nuo pensijų turto) dalijant iš vidutinės atitinkamo laikotarpio grynųjų aktyvų vertės. Kuo šis rodiklis didesnis, tuo daugiau mokesčių yra atskaitoma. Rodiklis skaičiuojamas kartą per metus. Daugiau informacijos apie šį rodiklį ir jo skaičiavimo tvarką galima rasti Lietuvos banko valdybos 2012 m. liepos 12 d. nutarimo Nr. 03-154 „Dėl Valdymo įmonių, kolektyvinio investavimo subjektų ir pensijų fondų informacijos rengimo ir teikimo taisyklių patvirtinimo“ VI skyriuje.
A71: [9] Bendrasis išlaidų koeficientas (BIK) – procentinis dydis, kuris parodo, kokia vidutinė pensijų fondo grynųjų aktyvų dalis skiriama jo valdymo išlaidoms padengti. Kai daugiau kaip 10 proc. pensijų fondo grynųjų aktyvų investuota į kitus kolektyvinio investavimo subjektus (skelbiančius savo BIK), turi būti apskaičiuojamas ir paskelbiamas sąlyginis šio pensijų fondo BIK. Jei ne visi šie kolektyvinio investavimo subjektai skaičiuoja savo BIK, skaičiuojamas tikėtinas sąlyginis tokio pensijų fondo BIK. Šios išlaidos tiesiogiai sumažina investuotojo investicijų grąžą (t. y. kuo šie rodikliai didesni, tuo daugiau mokesčių atskaitoma). Rodikliai skaičiuojami kartą per metus. Daugiau informacijos apie šiuos rodiklius ir jų skaičiavimo tvarką galima rasti Lietuvos banko valdybos 2012 m. liepos 12 d. nutarimo Nr. 03-154 „Dėl Valdymo įmonių, kolektyvinio investavimo subjektų ir pensijų fondų informacijos rengimo ir teikimo taisyklių patvirtinimo“ VI skyriuje.
A72: [10] Apskaičiuota taikant geometrinį vidurkį.
A73: [11] Goindex, UAB valdomi pensijų fondai įsteigti 2022-07-05
A74: [12] Apskaičiuota nuo faktinės GCF (t. y., gyvenimo ciklo fondų) pradžios. Išskyrus Goindex, UAB pensijų fondus, kurių grąža apskaičiuota nuo fondų veiklos pradžios (2022 m. liepos mėn.) ir 2003-2009 m. tikslinės pensijų fondų dalyvių grupės pensijų fondus, kurių grąža apskaičiuota nuo fondų veiklos pradžios (2025 m.).

Sheet 2003-2009
A1: 46022 | C1: Grįžti į pagrindinį puslapį | D1: Veiklos laikotarpis, metais | E1: Strategija | F1: Grynųjų aktyvų vertė, mln. Eur [6] | G1: Dalyvių skaičius | I1: Grąža | T1: Rizika [3] | U1: 0 | W1: Išlaidų rodikliai (2024 m.) | X1: 0 | Y1: 0
A2: Pensijų kaupimo bendrovės pavadinimas | B2: Fondo kodas | C2: Pensijų fondo pavadinimas | D2: 0 | E2: rizikingų aktyvų dalis fonde, proc. [5] | F2: 0 | G2: 0 | I2: vieneto vertės pokytis nuo metų pradžios, proc. [1] | J2: vieneto vertės pokytis [1] per praėjusius 1 metus, proc. | K2: vidutinis metinis vieneto vertės pokytis [10] per praėjusius 3 metus, proc. | L2: vidutinis metinis vieneto vertės pokytis [10] per praėjusius 5 metus, proc. | M2: vidutinis metinis vieneto vertės pokytis [1] nuo faktinės GCF [12] pradžios | N2: lyginamojo indekso vertės pokytis nuo metų pradžios, proc. [2] | O2: lyginamojo indekso vertės pokytis [2] per praėjusius 1 metus, proc. | P2: vidutinis lyginamojo indekso vertės pokytis [10] per praėjusius 3 metus, proc. | Q2: vidutinis lyginamojo indekso vertės pokytis [10] per praėjusius 5 metus, proc. | R2: vidutinis metinis lyginamojo indekso vertės pokytis [2] nuo faktinės GCF [12] pradžios | T2: vieneto vertės standartinis nuokrypis, per praėjusius 3 metus, proc. | U2: lyginamojo indekso standartinis nuokrypis, per praėjusius 3 metus, proc. | W2: BAR, proc. [8] | X2: Sąlyginis BIK, proc. [9] | Y2: Tikėtinas sąlyginis BIK, proc. [9]
A3: Tikslinės pensijų fondų dalyvių grupės pensijų fondai, 2003-2009 | G3: Svertinis vidurkis [4]: | I3: 6.0766499 | J3: 6.0766499 | K3: Veikia trumpiau | L3: Veikia trumpiau | M3: 6.0766499 | N3: 7.3524061 | O3: 7.3524061 | P3: Veikia trumpiau | Q3: Veikia trumpiau | R3: 7.3524061
A4: Luminor investicijų valdymas UAB | B4: LMN-03/09 | C4: Luminor 2003-2009 tikslinės grupės pensijų fondas | D4: 1 m. | E4: 90 | F4: 4.1563697 | G4: 5919 | I4: 5.61 | J4: 5.61 | K4: Veikia trumpiau | L4: Veikia trumpiau | M4: 5.61 | N4: 8.4596 | O4: 8.4596 | P4: Veikia trumpiau | Q4: Veikia trumpiau | R4: 8.4596 | T4: Veikia trumpiau | U4: Veikia trumpiau | W4: - | X4: - | Y4: -
A5: UAB Artea Asset Management | B5: INV-03/09 | C5: Artea pensija 2003-2009 Index Plus | D5: 1 m. | E5: 97 | F5: 2.4900215 | G5: 4241 | I5: 6.64 | J5: 6.64 | K5: Veikia trumpiau | L5: Veikia trumpiau | M5: 6.64 | N5: 7.7931 | O5: 7.7931 | P5: Veikia trumpiau | Q5: Veikia trumpiau | R5: 7.7931 | T5: Veikia trumpiau | U5: Veikia trumpiau | W5: - | X5: - | Y5: -
A6: UAB „SEB investicijų valdymas“ | B6: SBN-03/09 | C6: SEB 2003-2009 metų tikslinės grupės pensijų kaupimo fondas | D6: 1 m. | E6: 98 | F6: 2.9165787 | G6: 3053 | I6: 5.12 | J6: 5.12 | K6: Veikia trumpiau | L6: Veikia trumpiau | M6: 5.12 | N6: 8.0323 | O6: 8.0323 | P6: Veikia trumpiau | Q6: Veikia trumpiau | R6: 8.0323 | T6: Veikia trumpiau | U6: Veikia trumpiau | W6: - | X6: - | Y6: -
A7: UAB „Swedbank investicijų valdymas“ | B7: SWD-03/09 | C7: Swedbank pensija 2003-2009 | D7: 1 m. | E7: 97 | F7: 4.3606964 | G7: 3767 | I7: 3.93 | J7: 3.93 | K7: Veikia trumpiau | L7: Veikia trumpiau | M7: 3.93 | N7: 6.9256 | O7: 6.9256 | P7: Veikia trumpiau | Q7: Veikia trumpiau | R7: 6.9256 | T7: Veikia trumpiau | U7: Veikia trumpiau | W7: - | X7: - | Y7: -
A8: Allianz Lietuva gyvybės draudimas UAB | B8: AVI-03/09 | C8: Allianz D1 2003-2009 tikslinės grupės pensijų fondas | D8: 1 m. | E8: 90 | F8: 2.1753071 | G8: 2449 | I8: 9.98 | J8: 9.98 | K8: Veikia trumpiau | L8: Veikia trumpiau | M8: 9.98 | N8: 5.5455 | O8: 5.5455 | P8: Veikia trumpiau | Q8: Veikia trumpiau | R8: 5.5455 | T8: Veikia trumpiau | U8: Veikia trumpiau | W8: - | X8: - | Y8: -
A9: Goindex, UAB [11] | B9: GOX-03/09 | C9: Goindex pensija 2003-2009 tikslinės grupės pensijų fondas | D9: 1 m. | E9: 100 | F9: 4.6978947 | G9: 4755 | I9: 6.97 | J9: 6.97 | K9: Veikia trumpiau | L9: Veikia trumpiau | M9: 6.97 | N9: 6.95 | O9: 6.95 | P9: Veikia trumpiau | Q9: Veikia trumpiau | R9: 6.95 | T9: Veikia trumpiau | U9: Veikia trumpiau | W9: - | X9: - | Y9: -
A11: Pastaba: praeities rezultatai negarantuoja, kad tokie patys ar panašūs rezultatai bus ir ateityje. Įtakos 2019 m. pirmojo pusmečio pensijų fondų rezultatams galėjo turėti skirtingu laiku vykdytas turto perkėlimas į tikslinės grupės ir turto išsaugojimo pensijų fondus bei skirtingas fondų dydis nagrinėjamu laikotarpiu.
A12: [1] Apskaitos vieneto vertės pokytis. Juo atsižvelgiama į atskaitymus nuo turto.
A13: [2] Lyginamasis indeksas apibrėžiamas kaip pensijų kaupimo bendrovės pasirinktas orientacinis investicijų portfelis, atitinkantis fondo investavimo strategiją, su kurio vertės pokyčio reikšme lyginama fondo investicijų portfelio investicijų grąža.
A14: [3] Rodikliui apskaičiuoti naudoti mėnesiniai apskaitos vieneto (lyginamojo indekso) verčių pokyčiai, rezultatas perskaičiuotas į metinį. Standartinis nuokrypis parodo, kaip intensyviai per laikotarpį svyruoja fondo investicinio vieneto vertė (lyginamojo indekso vertė). Kuo šis rodiklis didesnis, tuo didesnė rizika.
A15: [4] Svertiniam vidurkiui apskaičiuoti naudotas 2025-12-31 dienos fondų grynųjų aktyvų dydis.
A16: [5] Investicijų į akcijas dalis, numatyta pensijų fondo strategijoje. Rizikingų turto klasių dalis gali būti padidinta arba sumažinta iki 10 procentinių punktų.
A17: [6] Grynieji aktyvai – pensijų fondą sudarančio turto ir įsipareigojimų verčių skirtumas.
A18: [7] Šie UAB „Swedbank investicijų valdymas“ valdomi pensijų fondai pradėjo veiklą 2018-03-01, tačiau dėl 2019 m. sausio mėnesį įsigaliojusios pensijų pertvarkos pagal galiojančius teisės aktus buvo įsteigti iš naujo, todėl jų rezultatai skaičiuojami nuo 2019 m. sausio 1 d. (kaip ir visų II pakopos pensijų fondų).
A19: [8] Bendrasis atskaitymų rodiklis (BAR) – procentinis dydis, apskaičiuojamas bendrąsias veiklos išlaidas (kurias sudaro atskaitymai nuo pensijų turto) dalijant iš vidutinės atitinkamo laikotarpio grynųjų aktyvų vertės. Kuo šis rodiklis didesnis, tuo daugiau mokesčių yra atskaitoma. Rodiklis skaičiuojamas kartą per metus. Daugiau informacijos apie šį rodiklį ir jo skaičiavimo tvarką galima rasti Lietuvos banko valdybos 2012 m. liepos 12 d. nutarimo Nr. 03-154 „Dėl Valdymo įmonių, kolektyvinio investavimo subjektų ir pensijų fondų informacijos rengimo ir teikimo taisyklių patvirtinimo“ VI skyriuje.
A20: [9] Bendrasis išlaidų koeficientas (BIK) – procentinis dydis, kuris parodo, kokia vidutinė pensijų fondo grynųjų aktyvų dalis skiriama jo valdymo išlaidoms padengti. Kai daugiau kaip 10 proc. pensijų fondo grynųjų aktyvų investuota į kitus kolektyvinio investavimo subjektus (skelbiančius savo BIK), turi būti apskaičiuojamas ir paskelbiamas sąlyginis šio pensijų fondo BIK. Jei ne visi šie kolektyvinio investavimo subjektai skaičiuoja savo BIK, skaičiuojamas tikėtinas sąlyginis tokio pensijų fondo BIK. Šios išlaidos tiesiogiai sumažina investuotojo investicijų grąžą (t. y. kuo šie rodikliai didesni, tuo daugiau mokesčių atskaitoma). Rodikliai skaičiuojami kartą per metus. Daugiau informacijos apie šiuos rodiklius ir jų skaičiavimo tvarką galima rasti Lietuvos banko valdybos 2012 m. liepos 12 d. nutarimo Nr. 03-154 „Dėl Valdymo įmonių, kolektyvinio investavimo subjektų ir pensijų fondų informacijos rengimo ir teikimo taisyklių patvirtinimo“ VI skyriuje.
A21: [10] Apskaičiuota taikant geometrinį vidurkį.
A22: [11] Goindex, UAB valdomi pensijų fondai įsteigti 2022-07-05
... A27: Dešiniau pavaizduoti pensijų fondai prisiima didesnę riziką (jų vieneto vertės svyruoja daugiau). Kairiau – mažesnę (jų vieneto vertės svyruoja mažiau).
A35: Fondas | B35: Rizika | C35: Grąža
A36: LMN-03/09 | B36: Veikia trumpiau | C36: Veikia trumpiau
A37: INV-03/09 | B37: Veikia trumpiau | C37: Veikia trumpiau
A38: SBN-03/09 | B38: Veikia trumpiau | C38: Veikia trumpiau
A39: SWD-03/09 | B39: Veikia trumpiau | C39: Veikia trumpiau
A40: AVI-03/09 | B40: Veikia trumpiau | C40: Veikia trumpiau
A41: GOX-03/09 | B41: Veikia trumpiau | C41: Veikia trumpiau
A57: Dalyvių skaičiaus, grąžos (per praėjusius 3 metus) ir fondo turto palyginimas
A58: Kuo pensijų fondas paveiksle pavaizduotas aukščiau, tuo jo uždirbama grąža yra didesnė. Kuo žemiau – tuo grąža mažesnė.
A59: Dešiniau pavaizduoti pensijų fondai turi daugiau dalyvių. Kairiau – mažiau.
A60: Kuo didesnis fondą vaizduojančio skritulio dydis – tuo fondas turi daugiau turto. Kuo mažesnis – mažiau.
A65: Fondas | B65: Dalyvių sk. (tūkst.) | C65: Grąža (proc.) | D65: Fondo turtas (mln. Eur)
A66: LMN-03/09 | B66: 5.919 | C66: Veikia trumpiau | D66: 4.1563697
A67: INV-03/09 | B67: 4.241 | C67: Veikia trumpiau | D67: 2.4900215
A68: SBN-03/09 | B68: 3.053 | C68: Veikia trumpiau | D68: 2.9165787
A69: SWD-03/09 | B69: 3.767 | C69: Veikia trumpiau | D69: 4.3606964
A70: AVI-03/09 | B70: 2.449 | C70: Veikia trumpiau | D70: 2.1753071
A71: GOX-03/09 | B71: 4.755 | C71: Veikia trumpiau | D71: 4.6978947

Sheet 1996-2002
A1: 46022 | C1: Grįžti į pagrindinį puslapį | D1: Veiklos laikotarpis, metais | E1: Strategija | F1: Grynųjų aktyvų vertė, mln. Eur [6] | G1: Dalyvių skaičius | I1: Grąža | K1: 0 | N1: 0 | P1: 0 | T1: Rizika [3] | U1: 0 | W1: Išlaidų rodikliai (2024 m.) | X1: 0 | Y1: 0
A2: Pensijų kaupimo bendrovės pavadinimas | B2: Fondo kodas | C2: Pensijų fondo pavadinimas | D2: 0 | E2: rizikingų aktyvų dalis fonde, proc. [5] | F2: 0 | G2: 0 | I2: vieneto vertės pokytis nuo metų pradžios, proc. [1] | J2: vieneto vertės pokytis [1] per praėjusius 1 metus, proc. | K2: vidutinis metinis vieneto vertės pokytis [10] per praėjusius 3 metus, proc. | L2: vidutinis metinis vieneto vertės pokytis [10] per praėjusius 5 metus, proc. | M2: vidutinis metinis vieneto vertės pokytis [1] nuo faktinės GCF [12] pradžios | N2: lyginamojo indekso vertės pokytis nuo metų pradžios, proc. [2] | O2: lyginamojo indekso vertės pokytis [2] per praėjusius 1 metus, proc. | P2: vidutinis lyginamojo indekso vertės pokytis [10] per praėjusius 3 metus, proc. | Q2: vidutinis lyginamojo indekso vertės pokytis [10] per praėjusius 5 metus, proc. | R2: vidutinis metinis lyginamojo indekso vertės pokytis [2] nuo faktinės GCF [12] pradžios | T2: vieneto vertės standartinis nuokrypis, per praėjusius 3 metus, proc. | U2: lyginamojo indekso standartinis nuokrypis, per praėjusius 3 metus, proc. | W2: BAR, proc. [8] | X2: Sąlyginis BIK, proc. [9] | Y2: Tikėtinas sąlyginis BIK, proc. [9]
A3: Tikslinės pensijų fondų dalyvių grupės pensijų fondai, 1996-2002 | G3: Svertinis vidurkis [4]: | I3: 6.5912777 | J3: 6.5912777 | K3: 14.327236 | L3: 9.6553655 | M3: 10.758475 | N3: 7.6988505 | O3: 7.6988505 | P3: 16.131279 | Q3: 11.168683 | R3: 12.163586
A4: Luminor investicijų valdymas UAB | B4: LMN-96/02 | C4: Luminor 1996–2002 tikslinės grupės pensijų fondas | D4: 7m. | E4: 90 | F4: 37.472794 | G4: 14957 | I4: 7.5594067 | J4: 7.5594067 | K4: 14.63502 | L4: 8.3632218 | M4: 10.583084 | N4: 8.8673133 | O4: 8.8673133 | P4: 15.678993 | Q4: 10.173084 | R4: 11.673338 | T4: 10.06397 | U4: 10.378472 | W4: 0.49 | X4: 0.7 | Y4: -
A5: UAB Artea Asset Management | B5: INV-96/02 | C5: Artea pensija 1996–2002 Index Plus | D5: 7m. | E5: 97 | F5: 59.517167 | G5: 19326 | I5: 8.1376665 | J5: 8.1376665 | K5: 13.709859 | L5: 10.17796 | M5: 11.068157 | N5: 8.4179276 | O5: 8.4179276 | P5: 15.601022 | Q5: 10.945158 | R5: 12.266888 | T5: 9.5172305 | U5: 11.210352 | W5: 0.5 | X5: 1.06 | Y5: 1.06
A6: UAB „SEB investicijų valdymas“ | B6: SBN-96/02 | C6: SEB 1996–2002 metų tikslinės grupės pensijų kaupimo fondas | D6: 7m. | E6: 98 | F6: 85.870047 | G6: 22171 | I6: 6.8009563 | J6: 6.8009563 | K6: 14.576113 | L6: 9.7201038 | M6: 11.168953 | N6: 8.7022104 | O6: 8.7022104 | P6: 17.879221 | Q6: 12.280018 | R6: 13.372685 | T6: 10.601815 | U6: 11.581169 | W6: 0.5 | X6: - | Y6: 0.78
A7: UAB „Swedbank investicijų valdymas“ | B7: SWD-96/02 | C7: Swedbank pensija 1996–2002 [7] | D7: 7m. | E7: 97 | F7: 188.41916 | G7: 50784 | I7: 4.0944379 | J7: 4.0944379 | K7: 13.111689 | L7: 9.3897645 | M7: 10.414898 | N7: 7.4805838 | O7: 7.4805838 | P7: 16.213889 | Q7: 11.209001 | R7: 12.314826 | T7: 10.956221 | U7: 11.179359 | W7: 0.41 | X7: - | Y7: 0.6699
A8: Allianz Lietuva gyvybės draudimas UAB | B8: AVI-96/02 | C8: Allianz Y3 1996–2002 tikslinės grupės pensijų fondas | D8: 7m. | E8: 90 | F8: 69.952308 | G8: 19939 | I8: 10.03453 | J8: 10.03453 | K8: 16.222712 | L8: 10.538855 | M8: 11.196142 | N8: 5.9134873 | O8: 5.9134873 | P8: 14.346589 | Q8: 10.419378 | R8: 11.472872 | T8: 10.838279 | U8: 10.520281 | W8: 0.5 | X8: 1.11 | Y8: -
A9: Goindex, UAB | B9: GOX-96/02 | C9: Goindex pensija 1996–2002 tikslinės grupės pensijų fondas | D9: 3 m. 5 mėn. | E9: 100 | F9: 47.484372 | G9: 12840 | I9: 8.3448807 | J9: 8.3448807 | K9: 16.439071 | L9: Veikia trumpiau | M9: 10.48499 | N9: 7.5572113 | O9: 7.5572113 | P9: 16.29322 | Q9: Veikia trumpiau | R9: 10.651887 | T9: 11.247602 | U9: 11.471015 | W9: 0.4469 | X9: 0.5734 | Y9: -
A11: Pastaba: praeities rezultatai negarantuoja, kad tokie patys ar panašūs rezultatai bus ir ateityje. Įtakos 2019 m. pirmojo pusmečio pensijų fondų rezultatams galėjo turėti skirtingu laiku vykdytas turto perkėlimas į tikslinės grupės ir turto išsaugojimo pensijų fondus bei skirtingas fondų dydis nagrinėjamu laikotarpiu.
A12: [1] Apskaitos vieneto vertės pokytis. Juo atsižvelgiama į atskaitymus nuo turto.
A13: [2] Lyginamasis indeksas apibrėžiamas kaip pensijų kaupimo bendrovės pasirinktas orientacinis investicijų portfelis, atitinkantis fondo investavimo strategiją, su kurio vertės pokyčio reikšme lyginama fondo investicijų portfelio investicijų grąža.
A14: [3] Rodikliui apskaičiuoti naudoti mėnesiniai apskaitos vieneto (lyginamojo indekso) verčių pokyčiai, rezultatas perskaičiuotas į metinį. Standartinis nuokrypis parodo, kaip intensyviai per laikotarpį svyruoja fondo investicinio vieneto vertė (lyginamojo indekso vertė). Kuo šis rodiklis didesnis, tuo didesnė rizika.
A15: [4] Svertiniam vidurkiui apskaičiuoti naudotas 2025-12-31 dienos fondų grynųjų aktyvų dydis.
A16: [5] Investicijų į akcijas dalis, numatyta pensijų fondo strategijoje. Rizikingų turto klasių dalis gali būti padidinta arba sumažinta iki 10 procentinių punktų.
A17: [6] Grynieji aktyvai – pensijų fondą sudarančio turto ir įsipareigojimų verčių skirtumas.
A18: [7] Šie UAB „Swedbank investicijų valdymas“ valdomi pensijų fondai pradėjo veiklą 2018-03-01, tačiau dėl 2019 m. sausio mėnesį įsigaliojusios pensijų pertvarkos pagal galiojančius teisės aktus buvo įsteigti iš naujo, todėl jų rezultatai skaičiuojami nuo 2019 m. sausio 1 d. (kaip ir visų II pakopos pensijų fondų).
A19: [8] Bendrasis atskaitymų rodiklis (BAR) – procentinis dydis, apskaičiuojamas bendrąsias veiklos išlaidas (kurias sudaro atskaitymai nuo pensijų turto) dalijant iš vidutinės atitinkamo laikotarpio grynųjų aktyvų vertės. Kuo šis rodiklis didesnis, tuo daugiau mokesčių yra atskaitoma. Rodiklis skaičiuojamas kartą per metus. Daugiau informacijos apie šį rodiklį ir jo skaičiavimo tvarką galima rasti Lietuvos banko valdybos 2012 m. liepos 12 d. nutarimo Nr. 03-154 „Dėl Valdymo įmonių, kolektyvinio investavimo subjektų ir pensijų fondų informacijos rengimo ir teikimo taisyklių patvirtinimo“ VI skyriuje.
A20: [9] Bendrasis išlaidų koeficientas (BIK) – procentinis dydis, kuris parodo, kokia vidutinė pensijų fondo grynųjų aktyvų dalis skiriama jo valdymo išlaidoms padengti. Kai daugiau kaip 10 proc. pensijų fondo grynųjų aktyvų investuota į kitus kolektyvinio investavimo subjektus (skelbiančius savo BIK), turi būti apskaičiuojamas ir paskelbiamas sąlyginis šio pensijų fondo BIK. Jei ne visi šie kolektyvinio investavimo subjektai skaičiuoja savo BIK, skaičiuojamas tikėtinas sąlyginis tokio pensijų fondo BIK. Šios išlaidos tiesiogiai sumažina investuotojo investicijų grąžą (t. y. kuo šie rodikliai didesni, tuo daugiau mokesčių atskaitoma). Rodikliai skaičiuojami kartą per metus. Daugiau informacijos apie šiuos rodiklius ir jų skaičiavimo tvarką galima rasti Lietuvos banko valdybos 2012 m. liepos 12 d. nutarimo Nr. 03-154 „Dėl Valdymo įmonių, kolektyvinio investavimo subjektų ir pensijų fondų informacijos rengimo ir teikimo taisyklių patvirtinimo“ VI skyriuje.
A21: [10] Apskaičiuota taikant geometrinį vidurkį.
A22: [11] Goindex, UAB valdomi pensijų fondai įsteigti 2022-07-05
... A27: Dešiniau pavaizduoti pensijų fondai prisiima didesnę riziką (jų vieneto vertės svyruoja daugiau). Kairiau – mažesnę (jų vieneto vertės svyruoja mažiau).
A35: Fondas | B35: Rizika | C35: Grąža
A36: LMN-96/02 | B36: 10.06397 | C36: 14.63502
A37: INV-96/02 | B37: 9.5172305 | C37: 13.709859
A38: SBN-96/02 | B38: 10.601815 | C38: 14.576113
A39: SWD-96/02 | B39: 10.956221 | C39: 13.111689
A40: AVI-96/02 | B40: 10.838279 | C40: 16.222712
A41: GOX-96/02 | B41: 11.247602 | C41: 16.439071
A57: Dalyvių skaičiaus, grąžos (per praėjusius 3 metus) ir fondo turto palyginimas
A58: Kuo pensijų fondas paveiksle pavaizduotas aukščiau, tuo jo uždirbama grąža yra didesnė. Kuo žemiau – tuo grąža mažesnė.
A59: Dešiniau pavaizduoti pensijų fondai turi daugiau dalyvių. Kairiau – mažiau.
A60: Kuo didesnis fondą vaizduojančio skritulio dydis – tuo fondas turi daugiau turto. Kuo mažesnis – mažiau.
A65: Fondas | B65: Dalyvių sk. (tūkst.) | C65: Grąža (proc.) | D65: Fondo turtas (mln. Eur)
A66: LMN-96/02 | B66: 14.957 | C66: 14.63502 | D66: 37.472794
A67: INV-96/02 | B67: 19.326 | C67: 13.709859 | D67: 59.517167
A68: SBN-96/02 | B68: 22.171 | C68: 14.576113 | D68: 85.870047
A69: SWD-96/02 | B69: 50.784 | C69: 13.111689 | D69: 188.41916
A70: AVI-96/02 | B70: 19.939 | C70: 16.222712 | D70: 69.952308
A71: GOX-96/02 | B71: 12.84 | C71: 16.439071 | D71: 47.484372

Sheet 1989-1995
A1: 46022 | C1: Grįžti į pagrindinį puslapį | D1: Veiklos laikotarpis, metais | E1: Strategija | F1: Grynųjų aktyvų vertė, mln. Eur [6] | G1: Dalyvių skaičius | I1: Grąža | K1: 0 | N1: 0 | P1: 0 | T1: Rizika [3] | U1: 0 | W1: Išlaidų rodikliai (2024 m.) | X1: 0 | Y1: 0
A2: Pensijų kaupimo bendrovės pavadinimas | B2: Fondo kodas | C2: Pensijų fondo pavadinimas | D2: 0 | E2: rizikingų aktyvų dalis fonde, proc. [5] | F2: 0 | G2: 0 | I2: vieneto vertės pokytis nuo metų pradžios, proc. [1] | J2: vieneto vertės pokytis [1] per praėjusius 1 metus, proc. | K2: vidutinis metinis vieneto vertės pokytis [10] per praėjusius 3 metus, proc. | L2: vidutinis metinis vieneto vertės pokytis [10] per praėjusius 5 metus, proc. | M2: vidutinis metinis vieneto vertės pokytis [1] nuo faktinės GCF [12] pradžios | N2: lyginamojo indekso vertės pokytis nuo metų pradžios, proc. [2] | O2: lyginamojo indekso vertės pokytis [2] per praėjusius 1 metus, proc. | P2: vidutinis lyginamojo indekso vertės pokytis [10] per praėjusius 3 metus, proc. | Q2: vidutinis lyginamojo indekso vertės pokytis [10] per praėjusius 5 metus, proc. | R2: vidutinis metinis lyginamojo indekso vertės pokytis [2] nuo faktinės GCF [12] pradžios | T2: vieneto vertės standartinis nuokrypis, per praėjusius 3 metus, proc. | U2: lyginamojo indekso standartinis nuokrypis, per praėjusius 3 metus, proc. | W2: BAR, proc. [8] | X2: Sąlyginis BIK, proc. [9] | Y2: Tikėtinas sąlyginis BIK, proc. [9]
A3: Tikslinės pensijų fondų dalyvių grupės pensijų fondai, 1989-1995 | B3: 0 | C3: 0 | G3: Svertinis vidurkis [4]: | I3: 6.6840296 | J3: 6.6840296 | K3: 14.079313 | L3: 9.7086262 | M3: 10.850926 | N3: 7.7652444 | O3: 7.7652444 | P3: 16.187721 | Q3: 11.209027 | R3: 12.271585
A4: Luminor investicijų valdymas UAB | B4: LMN-89/95 | C4: Luminor 1989–1995 tikslinės grupės pensijų fondas | D4: 7m. | E4: 90 | F4: 103.47337 | G4: 22623 | I4: 7.5067881 | J4: 7.5067881 | K4: 14.687656 | L4: 8.4278535 | M4: 10.551851 | N4: 8.8673133 | O4: 8.8673133 | P4: 15.678993 | Q4: 10.173084 | R4: 11.673338 | T4: 10.060781 | U4: 10.378472 | W4: 0.49 | X4: 0.71 | Y4: -
A5: UAB Artea Asset Management | B5: INV-89/95 | C5: Artea pensija 1989–1995 Index Plus | D5: 7m. | E5: 97 | F5: 192.49501 | G5: 36524 | I5: 8.0419218 | J5: 8.0419218 | K5: 13.360042 | L5: 10.160751 | M5: 11.038496 | N5: 8.4179276 | O5: 8.4179276 | P5: 15.601022 | Q5: 10.945158 | R5: 12.266888 | T5: 9.070072 | U5: 11.210352 | W5: 0.5 | X5: 1.27 | Y5: 1.27
A6: UAB „SEB investicijų valdymas“ | B6: SBN-89/95 | C6: SEB 1989–1995 metų tikslinės grupės pensijų kaupimo fondas | D6: 7m. | E6: 98 | F6: 279.46909 | G6: 46452 | I6: 6.6755401 | J6: 6.6755401 | K6: 14.353559 | L6: 9.6259649 | M6: 11.049149 | N6: 8.7022104 | O6: 8.7022104 | P6: 17.879221 | Q6: 12.280018 | R6: 13.372685 | T6: 10.476499 | U6: 11.581169 | W6: 0.5 | X6: - | Y6: 0.81
A7: UAB „Swedbank investicijų valdymas“ | B7: SWD-89/95 | C7: Swedbank pensija 1989–1995 [7] | D7: 7m. | E7: 97 | F7: 541.1594 | G7: 96020 | I7: 4.7038235 | J7: 4.7038235 | K7: 12.858817 | L7: 9.461512 | M7: 10.682627 | N7: 7.4805838 | O7: 7.4805838 | P7: 16.213889 | Q7: 11.209001 | R7: 12.314826 | T7: 10.607805 | U7: 11.179359 | W7: 0.41 | X7: - | Y7: 0.683
A8: Allianz Lietuva gyvybės draudimas UAB | B8: AVI-89/95 | C8: Allianz Y2 1989–1995 tikslinės grupės pensijų fondas | D8: 7m. | E8: 90 | F8: 178.95154 | G8: 34360 | I8: 9.9994776 | J8: 9.9994776 | K8: 16.734572 | L8: 10.839231 | M8: 11.213491 | N8: 5.9134873 | O8: 5.9134873 | P8: 14.346589 | Q8: 10.419378 | R8: 11.472872 | T8: 10.162212 | U8: 10.520281 | W8: 0.5 | X8: 0.93 | Y8: -
A9: Goindex, UAB | B9: GOX-89/95 | C9: Goindex pensija 1989–1995 tikslinės grupės pensijų fondas | D9: 3 m. 5 mėn. | E9: 100 | F9: 77.413357 | G9: 13448 | I9: 8.4169884 | J9: 8.4169884 | K9: 16.458556 | L9: Veikia trumpiau | M9: 10.407048 | N9: 7.5572113 | O9: 7.5572113 | P9: 16.29322 | Q9: Veikia trumpiau | R9: 10.651887 | T9: 11.234738 | U9: 11.471015 | W9: 0.4466 | X9: 0.5766 | Y9: -
A11: Pastaba: praeities rezultatai negarantuoja, kad tokie patys ar panašūs rezultatai bus ir ateityje. Įtakos 2019 m. pirmojo pusmečio pensijų fondų rezultatams galėjo turėti skirtingu laiku vykdytas turto perkėlimas į tikslinės grupės ir turto išsaugojimo pensijų fondus bei skirtingas fondų dydis nagrinėjamu laikotarpiu.
A12: [1] Apskaitos vieneto vertės pokytis. Juo atsižvelgiama į atskaitymus nuo turto.
A13: [2] Lyginamasis indeksas apibrėžiamas kaip pensijų kaupimo bendrovės pasirinktas orientacinis investicijų portfelis, atitinkantis fondo investavimo strategiją, su kurio vertės pokyčio reikšme lyginama fondo investicijų portfelio investicijų grąža.
A14: [3] Rodikliui apskaičiuoti naudoti mėnesiniai apskaitos vieneto (lyginamojo indekso) verčių pokyčiai, rezultatas perskaičiuotas į metinį. Standartinis nuokrypis parodo, kaip intensyviai per laikotarpį svyruoja fondo investicinio vieneto vertė (lyginamojo indekso vertė). Kuo šis rodiklis didesnis, tuo didesnė rizika.
A15: [4] Svertiniam vidurkiui apskaičiuoti naudotas 2025-12-31 dienos fondų grynųjų aktyvų dydis.
A16: [5] Investicijų į akcijas dalis, numatyta pensijų fondo strategijoje. Rizikingų turto klasių dalis gali būti padidinta arba sumažinta iki 10 procentinių punktų.
A17: [6] Grynieji aktyvai – pensijų fondą sudarančio turto ir įsipareigojimų verčių skirtumas.
A18: [7] Šie UAB „Swedbank investicijų valdymas“ valdomi pensijų fondai pradėjo veiklą 2018-03-01, tačiau dėl 2019 m. sausio mėnesį įsigaliojusios pensijų pertvarkos pagal galiojančius teisės aktus buvo įsteigti iš naujo, todėl jų rezultatai skaičiuojami nuo 2019 m. sausio 1 d. (kaip ir visų II pakopos pensijų fondų).
A19: [8] Bendrasis atskaitymų rodiklis (BAR) – procentinis dydis, apskaičiuojamas bendrąsias veiklos išlaidas (kurias sudaro atskaitymai nuo pensijų turto) dalijant iš vidutinės atitinkamo laikotarpio grynųjų aktyvų vertės. Kuo šis rodiklis didesnis, tuo daugiau mokesčių yra atskaitoma. Rodiklis skaičiuojamas kartą per metus. Daugiau informacijos apie šį rodiklį ir jo skaičiavimo tvarką galima rasti Lietuvos banko valdybos 2012 m. liepos 12 d. nutarimo Nr. 03-154 „Dėl Valdymo įmonių, kolektyvinio investavimo subjektų ir pensijų fondų informacijos rengimo ir teikimo taisyklių patvirtinimo“ VI skyriuje.
A20: [9] Bendrasis išlaidų koeficientas (BIK) – procentinis dydis, kuris parodo, kokia vidutinė pensijų fondo grynųjų aktyvų dalis skiriama jo valdymo išlaidoms padengti. Kai daugiau kaip 10 proc. pensijų fondo grynųjų aktyvų investuota į kitus kolektyvinio investavimo subjektus (skelbiančius savo BIK), turi būti apskaičiuojamas ir paskelbiamas sąlyginis šio pensijų fondo BIK. Jei ne visi šie kolektyvinio investavimo subjektai skaičiuoja savo BIK, skaičiuojamas tikėtinas sąlyginis tokio pensijų fondo BIK. Šios išlaidos tiesiogiai sumažina investuotojo investicijų grąžą (t. y. kuo šie rodikliai didesni, tuo daugiau mokesčių atskaitoma). Rodikliai skaičiuojami kartą per metus. Daugiau informacijos apie šiuos rodiklius ir jų skaičiavimo tvarką galima rasti Lietuvos banko valdybos 2012 m. liepos 12 d. nutarimo Nr. 03-154 „Dėl Valdymo įmonių, kolektyvinio investavimo subjektų ir pensijų fondų informacijos rengimo ir teikimo taisyklių patvirtinimo“ VI skyriuje.
A21: [10] Apskaičiuota taikant geometrinį vidurkį.
A22: [11] Goindex, UAB valdomi pensijų fondai įsteigti 2022-07-05
... A27: Dešiniau pavaizduoti pensijų fondai prisiima didesnę riziką (jų vieneto vertės svyruoja daugiau). Kairiau – mažesnę (jų vieneto vertės svyruoja mažiau).
A35: Fondas | B35: Rizika | C35: Grąža
A36: LMN-89/95 | B36: 10.060781 | C36: 14.687656
A37: INV-89/95 | B37: 9.070072 | C37: 13.360042
A38: SBN-89/95 | B38: 10.476499 | C38: 14.353559
A39: SWD-89/95 | B39: 10.607805 | C39: 12.858817
A40: AVI-89/95 | B40: 10.162212 | C40: 16.734572
A41: GOX-89/95 | B41: 11.234738 | C41: 16.458556
A57: Dalyvių skaičiaus, grąžos (per praėjusius 3 metus) ir fondo turto palyginimas
A58: Kuo pensijų fondas paveiksle pavaizduotas aukščiau, tuo jo uždirbama grąža yra didesnė. Kuo žemiau – tuo grąža mažesnė.
A59: Dešiniau pavaizduoti pensijų fondai turi daugiau dalyvių. Kairiau – mažiau.
A60: Kuo didesnis fondą vaizduojančio skritulio dydis – tuo fondas turi daugiau turto. Kuo mažesnis – mažiau.
A65: Fondas | B65: Dalyvių sk. (tūkst.) | C65: Grąža (proc.) | D65: Fondo turtas (mln. Eur)
A66: LMN-89/95 | B66: 22.623 | C66: 14.687656 | D66: 103.47337
A67: INV-89/95 | B67: 36.524 | C67: 13.360042 | D67: 192.49501
A68: SBN-89/95 | B68: 46.452 | C68: 14.353559 | D68: 279.46909
A69: SWD-89/95 | B69: 96.02 | C69: 12.858817 | D69: 541.1594
A70: AVI-89/95 | B70: 34.36 | C70: 16.734572 | D70: 178.95154
A71: GOX-89/95 | B71: 13.448 | C71: 16.458556 | D71: 77.413357

Sheet 1982-1988
A1: 46022 | C1: Grįžti į pagrindinį puslapį | D1: Veiklos laikotarpis, metais | E1: Strategija | F1: Grynųjų aktyvų vertė, mln. Eur [6] | G1: Dalyvių skaičius | I1: Grąža | K1: 0 | N1: 0 | P1: 0 | T1: Rizika [3] | U1: 0 | W1: Išlaidų rodikliai (2024 m.) | X1: 0 | Y1: 0
A2: Pensijų kaupimo bendrovės pavadinimas | B2: Fondo kodas | C2: Pensijų fondo pavadinimas | D2: 0 | E2: rizikingų aktyvų dalis fonde, proc. [5] | F2: 0 | G2: 0 | I2: vieneto vertės pokytis nuo metų pradžios, proc. [1] | J2: vieneto vertės pokytis [1] per praėjusius 1 metus, proc. | K2: vidutinis metinis vieneto vertės pokytis [10] per praėjusius 3 metus, proc. | L2: vidutinis metinis vieneto vertės pokytis [10] per praėjusius 5 metus, proc. | M2: vidutinis metinis vieneto vertės pokytis [1] nuo faktinės GCF [12] pradžios | N2: lyginamojo indekso vertės pokytis nuo metų pradžios, proc. [2] | O2: lyginamojo indekso vertės pokytis [2] per praėjusius 1 metus, proc. | P2: vidutinis lyginamojo indekso vertės pokytis [10] per praėjusius 3 metus, proc. | Q2: vidutinis lyginamojo indekso vertės pokytis [10] per praėjusius 5 metus, proc. | R2: vidutinis metinis lyginamojo indekso vertės pokytis [2] nuo faktinės GCF [12] pradžios | T2: vieneto vertės standartinis nuokrypis, per praėjusius 3 metus, proc. | U2: lyginamojo indekso standartinis nuokrypis, per praėjusius 3 metus, proc. | W2: BAR, proc. [8] | X2: Sąlyginis BIK, proc. [9] | Y2: Tikėtinas sąlyginis BIK, proc. [9]
A3: Tikslinės pensijų fondų dalyvių grupės pensijų fondai, 1982-1988 | G3: Svertinis vidurkis [4]: | I3: 6.8018139 | J3: 6.8018139 | K3: 14.120698 | L3: 9.7681313 | M3: 10.94075 | N3: 7.8496558 | O3: 7.8496558 | P3: 16.272348 | Q3: 11.263214 | R3: 12.359967
A4: Luminor investicijų valdymas UAB | B4: LMN-82/88 | C4: Luminor 1982–1988 tikslinės grupės pensijų fondas | D4: 7m. | E4: 90 | F4: 182.51375 | G4: 28878 | I4: 7.4398249 | J4: 7.4398249 | K4: 14.73898 | L4: 8.5308702 | M4: 10.503334 | N4: 8.8673133 | O4: 8.8673133 | P4: 15.678993 | Q4: 10.173084 | R4: 11.673338 | T4: 10.004816 | U4: 10.378472 | W4: 0.49 | X4: 0.72 | Y4: -
A5: UAB Artea Asset Management | B5: INV-82/88 | C5: Artea pensija 1982–1988 Index Plus | D5: 7m. | E5: 97 | F5: 321.58775 | G5: 42682 | I5: 8.1311373 | J5: 8.1311373 | K5: 13.356769 | L5: 10.220276 | M5: 11.02936 | N5: 8.4179276 | O5: 8.4179276 | P5: 15.601022 | Q5: 10.945158 | R5: 12.266888 | T5: 9.0340028 | U5: 11.210352 | W5: 0.5 | X5: 1.26 | Y5: 1.26
A6: UAB „SEB investicijų valdymas“ | B6: SBN-82/88 | C6: SEB 1982–1988 metų tikslinės grupės pensijų kaupimo fondas | D6: 7m. | E6: 98 | F6: 578.57099 | G6: 74338 | I6: 6.6104294 | J6: 6.6104294 | K6: 14.244515 | L6: 9.6034614 | M6: 11.060556 | N6: 8.7022104 | O6: 8.7022104 | P6: 17.879221 | Q6: 12.280018 | R6: 13.372685 | T6: 10.423404 | U6: 11.581169 | W6: 0.5 | X6: - | Y6: 0.82
A7: UAB „Swedbank investicijų valdymas“ | B7: SWD-82/88 | C7: Swedbank pensija 1982–1988 [7] | D7: 7m. | E7: 97 | F7: 733.87588 | G7: 114002 | I7: 4.68405 | J7: 4.68405 | K7: 12.898401 | L7: 9.609903 | M7: 10.836959 | N7: 7.4805838 | O7: 7.4805838 | P7: 16.213889 | Q7: 11.209001 | R7: 12.314826 | T7: 10.600653 | U7: 11.179359 | W7: 0.41 | X7: - | Y7: 0.6896
A8: Allianz Lietuva gyvybės draudimas UAB | B8: AVI-82/88 | C8: Allianz Y1 1982–1988 tikslinės grupės pensijų fondas | D8: 7m. | E8: 90 | F8: 293.01943 | G8: 48030 | I8: 10.186589 | J8: 10.186589 | K8: 16.752115 | L8: 10.763991 | M8: 11.233838 | N8: 5.9134873 | O8: 5.9134873 | P8: 14.346589 | Q8: 10.419378 | R8: 11.472872 | T8: 10.177916 | U8: 10.520281 | W8: 0.5 | X8: 0.97 | Y8: -
A9: Goindex, UAB | B9: GOX-82/88 | C9: Goindex pensija 1982–1988 tikslinės grupės pensijų fondas | D9: 3 m. 5 mėn. | E9: 100 | F9: 80.566328 | G9: 10505 | I9: 8.4049739 | J9: 8.4049739 | K9: 16.443577 | L9: Veikia trumpiau | M9: 10.597084 | N9: 7.5572113 | O9: 7.5572113 | P9: 16.29322 | Q9: Veikia trumpiau | R9: 10.651887 | T9: 11.256195 | U9: 11.471015 | W9: 0.4466 | X9: 0.577 | Y9: -
A11: Pastaba: praeities rezultatai negarantuoja, kad tokie patys ar panašūs rezultatai bus ir ateityje. Įtakos 2019 m. pirmojo pusmečio pensijų fondų rezultatams galėjo turėti skirtingu laiku vykdytas turto perkėlimas į tikslinės grupės ir turto išsaugojimo pensijų fondus bei skirtingas fondų dydis nagrinėjamu laikotarpiu.
A12: [1] Apskaitos vieneto vertės pokytis. Juo atsižvelgiama į atskaitymus nuo turto.
A13: [2] Lyginamasis indeksas apibrėžiamas kaip pensijų kaupimo bendrovės pasirinktas orientacinis investicijų portfelis, atitinkantis fondo investavimo strategiją, su kurio vertės pokyčio reikšme lyginama fondo investicijų portfelio investicijų grąža.
A14: [3] Rodikliui apskaičiuoti naudoti mėnesiniai apskaitos vieneto (lyginamojo indekso) verčių pokyčiai, rezultatas perskaičiuotas į metinį. Standartinis nuokrypis parodo, kaip intensyviai per laikotarpį svyruoja fondo investicinio vieneto vertė (lyginamojo indekso vertė). Kuo šis rodiklis didesnis, tuo didesnė rizika.
A15: [4] Svertiniam vidurkiui apskaičiuoti naudotas 2025-12-31 dienos fondų grynųjų aktyvų dydis.
A16: [5] Investicijų į akcijas dalis, numatyta pensijų fondo strategijoje. Rizikingų turto klasių dalis gali būti padidinta arba sumažinta iki 10 procentinių punktų.
A17: [6] Grynieji aktyvai – pensijų fondą sudarančio turto ir įsipareigojimų verčių skirtumas.
A18: [7] Šie UAB „Swedbank investicijų valdymas“ valdomi pensijų fondai pradėjo veiklą 2018-03-01, tačiau dėl 2019 m. sausio mėnesį įsigaliojusios pensijų pertvarkos pagal galiojančius teisės aktus buvo įsteigti iš naujo, todėl jų rezultatai skaičiuojami nuo 2019 m. sausio 1 d. (kaip ir visų II pakopos pensijų fondų).
A19: [8] Bendrasis atskaitymų rodiklis (BAR) – procentinis dydis, apskaičiuojamas bendrąsias veiklos išlaidas (kurias sudaro atskaitymai nuo pensijų turto) dalijant iš vidutinės atitinkamo laikotarpio grynųjų aktyvų vertės. Kuo šis rodiklis didesnis, tuo daugiau mokesčių yra atskaitoma. Rodiklis skaičiuojamas kartą per metus. Daugiau informacijos apie šį rodiklį ir jo skaičiavimo tvarką galima rasti Lietuvos banko valdybos 2012 m. liepos 12 d. nutarimo Nr. 03-154 „Dėl Valdymo įmonių, kolektyvinio investavimo subjektų ir pensijų fondų informacijos rengimo ir teikimo taisyklių patvirtinimo“ VI skyriuje.
A20: [9] Bendrasis išlaidų koeficientas (BIK) – procentinis dydis, kuris parodo, kokia vidutinė pensijų fondo grynųjų aktyvų dalis skiriama jo valdymo išlaidoms padengti. Kai daugiau kaip 10 proc. pensijų fondo grynųjų aktyvų investuota į kitus kolektyvinio investavimo subjektus (skelbiančius savo BIK), turi būti apskaičiuojamas ir paskelbiamas sąlyginis šio pensijų fondo BIK. Jei ne visi šie kolektyvinio investavimo subjektai skaičiuoja savo BIK, skaičiuojamas tikėtinas sąlyginis tokio pensijų fondo BIK. Šios išlaidos tiesiogiai sumažina investuotojo investicijų grąžą (t. y. kuo šie rodikliai didesni, tuo daugiau mokesčių atskaitoma). Rodikliai skaičiuojami kartą per metus. Daugiau informacijos apie šiuos rodiklius ir jų skaičiavimo tvarką galima rasti Lietuvos banko valdybos 2012 m. liepos 12 d. nutarimo Nr. 03-154 „Dėl Valdymo įmonių, kolektyvinio investavimo subjektų ir pensijų fondų informacijos rengimo ir teikimo taisyklių patvirtinimo“ VI skyriuje.
A21: [10] Apskaičiuota taikant geometrinį vidurkį.
A22: [11] Goindex, UAB valdomi pensijų fondai įsteigti 2022-07-05
... A27: Dešiniau pavaizduoti pensijų fondai prisiima didesnę riziką (jų vieneto vertės svyruoja daugiau). Kairiau – mažesnę (jų vieneto vertės svyruoja mažiau).
A35: Fondas | B35: Rizika | C35: Grąža
A36: LMN-82/88 | B36: 10.004816 | C36: 14.73898
A37: INV-82/88 | B37: 9.0340028 | C37: 13.356769
A38: SBN-82/88 | B38: 10.423404 | C38: 14.244515
A39: SWD-82/88 | B39: 10.600653 | C39: 12.898401
A40: AVI-82/88 | B40: 10.177916 | C40: 16.752115
A41: GOX-82/88 | B41: 11.256195 | C41: 16.443577
A57: Dalyvių skaičiaus, grąžos (per praėjusius 3 metus) ir fondo turto palyginimas
A58: Kuo pensijų fondas paveiksle pavaizduotas aukščiau, tuo jo uždirbama grąža yra didesnė. Kuo žemiau – tuo grąža mažesnė.
A59: Dešiniau pavaizduoti pensijų fondai turi daugiau dalyvių. Kairiau – mažiau.
A60: Kuo didesnis fondą vaizduojančio skritulio dydis – tuo fondas turi daugiau turto. Kuo mažesnis – mažiau.
A65: Fondas | B65: Dalyvių sk. (tūkst.) | C65: Grąža (proc.) | D65: Fondo turtas (mln. Eur)
A66: LMN-82/88 | B66: 28.878 | C66: 14.73898 | D66: 182.51375
A67: INV-82/88 | B67: 42.682 | C67: 13.356769 | D67: 321.58775
A68: SBN-82/88 | B68: 74.338 | C68: 14.244515 | D68: 578.57099
A69: SWD-82/88 | B69: 114.002 | C69: 12.898401 | D69: 733.87588
A70: AVI-82/88 | B70: 48.03 | C70: 16.752115 | D70: 293.01943
A71: GOX-82/88 | B71: 10.505 | C71: 16.443577 | D71: 80.566328

Sheet 1975-1981
A1: 46022 | C1: Grįžti į pagrindinį puslapį | D1: Veiklos laikotarpis, metais | E1: Strategija | F1: Grynųjų aktyvų vertė, mln. Eur [6] | G1: Dalyvių skaičius | I1: Grąža | K1: 0 | N1: 0 | P1: 0 | T1: Rizika [3] | U1: 0 | W1: Išlaidų rodikliai (2024 m.) | X1: 0 | Y1: 0
A2: Pensijų kaupimo bendrovės pavadinimas | B2: Fondo kodas | C2: Pensijų fondo pavadinimas | D2: 0 | E2: rizikingų aktyvų dalis fonde, proc. [5] | F2: 0 | G2: 0 | I2: vieneto vertės pokytis nuo metų pradžios, proc. [1] | J2: vieneto vertės pokytis [1] per praėjusius 1 metus, proc. | K2: vidutinis metinis vieneto vertės pokytis [10] per praėjusius 3 metus, proc. | L2: vidutinis metinis vieneto vertės pokytis [10] per praėjusius 5 metus, proc. | M2: vidutinis metinis vieneto vertės pokytis [1] nuo faktinės GCF [12] pradžios | N2: lyginamojo indekso vertės pokytis nuo metų pradžios, proc. [2] | O2: lyginamojo indekso vertės pokytis [2] per praėjusius 1 metus, proc. | P2: vidutinis lyginamojo indekso vertės pokytis [10] per praėjusius 3 metus, proc. | Q2: vidutinis lyginamojo indekso vertės pokytis [10] per praėjusius 5 metus, proc. | R2: vidutinis metinis lyginamojo indekso vertės pokytis [2] nuo faktinės GCF [12] pradžios | T2: vieneto vertės standartinis nuokrypis, per praėjusius 3 metus, proc. | U2: lyginamojo indekso standartinis nuokrypis, per praėjusius 3 metus, proc. | W2: BAR, proc. [8] | X2: Sąlyginis BIK, proc. [9] | Y2: Tikėtinas sąlyginis BIK, proc. [9]
A3: Tikslinės pensijų fondų dalyvių grupės pensijų fondai, 1975-1981 | G3: Svertinis vidurkis [4]: | I3: 6.7685894 | J3: 6.7685894 | K3: 14.053189 | L3: 9.7338052 | M3: 11.009541 | N3: 7.7981503 | O3: 7.7981503 | P3: 16.289257 | Q3: 11.280439 | R3: 12.514961
A4: Luminor investicijų valdymas UAB | B4: LMN-75/81 | C4: Luminor 1975–1981 tikslinės grupės pensijų fondas | D4: 7m. | E4: 90 | F4: 187.64337 | G4: 19611 | I4: 7.2530864 | J4: 7.2530864 | K4: 14.707147 | L4: 8.6136655 | M4: 10.52213 | N4: 8.8673133 | O4: 8.8673133 | P4: 15.678993 | Q4: 10.173084 | R4: 11.673338 | T4: 9.9957415 | U4: 10.378472 | W4: 0.49 | X4: 0.72 | Y4: -
A5: UAB Artea Asset Management | B5: INV-75/81 | C5: Artea pensija 1975–1981 Index Plus | D5: 7m. | E5: 97 | F5: 311.22315 | G5: 25872 | I5: 7.8482194 | J5: 7.8482194 | K5: 13.133303 | L5: 10.113204 | M5: 11.024028 | N5: 8.1573001 | O5: 8.1573001 | P5: 15.508316 | Q5: 10.891766 | R5: 12.228324 | T5: 8.9049332 | U5: 11.15897 | W5: 0.5 | X5: 1.28 | Y5: 1.28
A6: UAB „SEB investicijų valdymas“ | B6: SBN-75/81 | C6: SEB 1975–1981 metų tikslinės grupės pensijų kaupimo fondas | D6: 7m. | E6: 98 | F6: 686.27158 | G6: 62239 | I6: 6.605523 | J6: 6.605523 | K6: 14.18939 | L6: 9.5762188 | M6: 11.375641 | N6: 8.7021838 | O6: 8.7021838 | P6: 17.879174 | Q6: 12.279917 | R6: 13.822147 | T6: 10.38007 | U6: 11.581183 | W6: 0.5 | X6: - | Y6: 0.82
A7: UAB „Swedbank investicijų valdymas“ | B7: SWD-75/81 | C7: Swedbank pensija 1975–1981 [7] | D7: 7m. | E7: 97 | F7: 838.96081 | G7: 96814 | I7: 4.8716191 | J7: 4.8716191 | K7: 12.889449 | L7: 9.6414824 | M7: 10.860365 | N7: 7.4805838 | O7: 7.4805838 | P7: 16.213889 | Q7: 11.209001 | R7: 12.314826 | T7: 10.523927 | U7: 11.179359 | W7: 0.41 | X7: - | Y7: 0.6963
A8: Allianz Lietuva gyvybės draudimas UAB | B8: AVI-75/81 | C8: Allianz X3 1975–1981 tikslinės grupės pensijų fondas | D8: 7m. | E8: 90 | F8: 345.18833 | G8: 40106 | I8: 10.151612 | J8: 10.151612 | K8: 16.620097 | L8: 10.538326 | M8: 11.004212 | N8: 5.9134873 | O8: 5.9134873 | P8: 14.346589 | Q8: 10.419378 | R8: 11.472872 | T8: 10.172996 | U8: 10.520281 | W8: 0.5 | X8: 0.98 | Y8: -
A9: Goindex, UAB | B9: GOX-75/81 | C9: Goindex pensija 1975–1981 tikslinės grupės pensijų fondas | D9: 3 m. 5 mėn. | E9: 100 | F9: 65.660426 | G9: 5044 | I9: 8.4239759 | J9: 8.4239759 | K9: 16.495647 | L9: Veikia trumpiau | M9: 10.441451 | N9: 7.5572113 | O9: 7.5572113 | P9: 16.29322 | Q9: Veikia trumpiau | R9: 10.651887 | T9: 11.235966 | U9: 11.471015 | W9: 0.4469 | X9: 0.5782 | Y9: -
A11: Pastaba: praeities rezultatai negarantuoja, kad tokie patys ar panašūs rezultatai bus ir ateityje. Įtakos 2019 m. pirmojo pusmečio pensijų fondų rezultatams galėjo turėti skirtingu laiku vykdytas turto perkėlimas į tikslinės grupės ir turto išsaugojimo pensijų fondus bei skirtingas fondų dydis nagrinėjamu laikotarpiu.
A12: [1] Apskaitos vieneto vertės pokytis. Juo atsižvelgiama į atskaitymus nuo turto.
A13: [2] Lyginamasis indeksas apibrėžiamas kaip pensijų kaupimo bendrovės pasirinktas orientacinis investicijų portfelis, atitinkantis fondo investavimo strategiją, su kurio vertės pokyčio reikšme lyginama fondo investicijų portfelio investicijų grąža.
A14: [3] Rodikliui apskaičiuoti naudoti mėnesiniai apskaitos vieneto (lyginamojo indekso) verčių pokyčiai, rezultatas perskaičiuotas į metinį. Standartinis nuokrypis parodo, kaip intensyviai per laikotarpį svyruoja fondo investicinio vieneto vertė (lyginamojo indekso vertė). Kuo šis rodiklis didesnis, tuo didesnė rizika.
A15: [4] Svertiniam vidurkiui apskaičiuoti naudotas 2025-12-31 dienos fondų grynųjų aktyvų dydis.
A16: [5] Investicijų į akcijas dalis, numatyta pensijų fondo strategijoje. Rizikingų turto klasių dalis gali būti padidinta arba sumažinta iki 10 procentinių punktų.
A17: [6] Grynieji aktyvai – pensijų fondą sudarančio turto ir įsipareigojimų verčių skirtumas.
A18: [7] Šie UAB „Swedbank investicijų valdymas“ valdomi pensijų fondai pradėjo veiklą 2018-03-01, tačiau dėl 2019 m. sausio mėnesį įsigaliojusios pensijų pertvarkos pagal galiojančius teisės aktus buvo įsteigti iš naujo, todėl jų rezultatai skaičiuojami nuo 2019 m. sausio 1 d. (kaip ir visų II pakopos pensijų fondų).
A19: [8] Bendrasis atskaitymų rodiklis (BAR) – procentinis dydis, apskaičiuojamas bendrąsias veiklos išlaidas (kurias sudaro atskaitymai nuo pensijų turto) dalijant iš vidutinės atitinkamo laikotarpio grynųjų aktyvų vertės. Kuo šis rodiklis didesnis, tuo daugiau mokesčių yra atskaitoma. Rodiklis skaičiuojamas kartą per metus. Daugiau informacijos apie šį rodiklį ir jo skaičiavimo tvarką galima rasti Lietuvos banko valdybos 2012 m. liepos 12 d. nutarimo Nr. 03-154 „Dėl Valdymo įmonių, kolektyvinio investavimo subjektų ir pensijų fondų informacijos rengimo ir teikimo taisyklių patvirtinimo“ VI skyriuje.
A20: [9] Bendrasis išlaidų koeficientas (BIK) – procentinis dydis, kuris parodo, kokia vidutinė pensijų fondo grynųjų aktyvų dalis skiriama jo valdymo išlaidoms padengti. Kai daugiau kaip 10 proc. pensijų fondo grynųjų aktyvų investuota į kitus kolektyvinio investavimo subjektus (skelbiančius savo BIK), turi būti apskaičiuojamas ir paskelbiamas sąlyginis šio pensijų fondo BIK. Jei ne visi šie kolektyvinio investavimo subjektai skaičiuoja savo BIK, skaičiuojamas tikėtinas sąlyginis tokio pensijų fondo BIK. Šios išlaidos tiesiogiai sumažina investuotojo investicijų grąžą (t. y. kuo šie rodikliai didesni, tuo daugiau mokesčių atskaitoma). Rodikliai skaičiuojami kartą per metus. Daugiau informacijos apie šiuos rodiklius ir jų skaičiavimo tvarką galima rasti Lietuvos banko valdybos 2012 m. liepos 12 d. nutarimo Nr. 03-154 „Dėl Valdymo įmonių, kolektyvinio investavimo subjektų ir pensijų fondų informacijos rengimo ir teikimo taisyklių patvirtinimo“ VI skyriuje.
A21: [10] Apskaičiuota taikant geometrinį vidurkį.
A22: [11] Goindex, UAB valdomi pensijų fondai įsteigti 2022-07-05
... A27: Dešiniau pavaizduoti pensijų fondai prisiima didesnę riziką (jų vieneto vertės svyruoja daugiau). Kairiau – mažesnę (jų vieneto vertės svyruoja mažiau).
A35: Fondas | B35: Rizika | C35: Grąža
A36: LMN-75/81 | B36: 9.9957415 | C36: 14.707147
A37: INV-75/81 | B37: 8.9049332 | C37: 13.133303
A38: SBN-75/81 | B38: 10.38007 | C38: 14.18939
A39: SWD-75/81 | B39: 10.523927 | C39: 12.889449
A40: AVI-75/81 | B40: 10.172996 | C40: 16.620097
A41: GOX-75/81 | B41: 11.235966 | C41: 16.495647
A57: Dalyvių skaičiaus, grąžos (per praėjusius 3 metus) ir fondo turto palyginimas
A58: Kuo pensijų fondas paveiksle pavaizduotas aukščiau, tuo jo uždirbama grąža yra didesnė. Kuo žemiau – tuo grąža mažesnė.
A59: Dešiniau pavaizduoti pensijų fondai turi daugiau dalyvių. Kairiau – mažiau.
A60: Kuo didesnis fondą vaizduojančio skritulio dydis – tuo fondas turi daugiau turto. Kuo mažesnis – mažiau.
A65: Fondas | B65: Dalyvių sk. (tūkst.) | C65: Grąža (proc.) | D65: Fondo turtas (mln. Eur)
A66: INV-75/81 | B66: 25.872 | C66: 13.133303 | D66: 311.22315
A67: LMN-75/81 | B67: 19.611 | C67: 14.707147 | D67: 187.64337
A68: SBN-75/81 | B68: 62.239 | C68: 14.18939 | D68: 686.27158
A69: SWD-75/81 | B69: 96.814 | C69: 12.889449 | D69: 838.96081
A70: AVI-75/81 | B70: 40.106 | C70: 16.620097 | D70: 345.18833
A71: GOX-75/81 | B71: 5.044 | C71: 16.495647 | D71: 65.660426

Sheet 1968-1974
A1: 46022 | C1: Grįžti į pagrindinį puslapį | D1: Veiklos laikotarpis, metais | E1: Strategija | F1: Grynųjų aktyvų vertė, mln. Eur [6] | G1: Dalyvių skaičius | I1: Grąža | K1: 0 | N1: 0 | P1: 0 | T1: Rizika [3] | U1: 0 | W1: Išlaidų rodikliai (2024 m.) | X1: 0 | Y1: 0
A2: Pensijų kaupimo bendrovės pavadinimas | B2: Fondo kodas | C2: Pensijų fondo pavadinimas | D2: 0 | E2: rizikingų aktyvų dalis fonde, proc. [5] | F2: 0 | G2: 0 | I2: vieneto vertės pokytis nuo metų pradžios, proc. [1] | J2: vieneto vertės pokytis [1] per praėjusius 1 metus, proc. | K2: vidutinis metinis vieneto vertės pokytis [10] per praėjusius 3 metus, proc. | L2: vidutinis metinis vieneto vertės pokytis [10] per praėjusius 5 metus, proc. | M2: vidutinis metinis vieneto vertės pokytis [1] nuo faktinės GCF [12] pradžios | N2: lyginamojo indekso vertės pokytis nuo metų pradžios, proc. [2] | O2: lyginamojo indekso vertės pokytis [2] per praėjusius 1 metus, proc. | P2: vidutinis lyginamojo indekso vertės pokytis [10] per praėjusius 3 metus, proc. | Q2: vidutinis lyginamojo indekso vertės pokytis [10] per praėjusius 5 metus, proc. | R2: vidutinis metinis lyginamojo indekso vertės pokytis [2] nuo faktinės GCF [12] pradžios | T2: vieneto vertės standartinis nuokrypis, per praėjusius 3 metus, proc. | U2: lyginamojo indekso standartinis nuokrypis, per praėjusius 3 metus, proc. | W2: BAR, proc. [8] | X2: Sąlyginis BIK, proc. [9] | Y2: Tikėtinas sąlyginis BIK, proc. [9]
A3: Tikslinės pensijų fondų dalyvių grupės pensijų fondai, 1968-1974 | G3: Svertinis vidurkis [4]: | I3: 5.9008404 | J3: 5.9008404 | K3: 11.904877 | L3: 8.0109179 | M3: 9.5594241 | N3: 6.230927 | O3: 6.230927 | P3: 13.198716 | Q3: 8.702144 | R3: 10.463459
A4: Luminor investicijų valdymas UAB | B4: LMN-68/74 | C4: Luminor 1968–1974 tikslinės grupės pensijų fondas | D4: 7m. | E4: 65 | F4: 170.57983 | G4: 17990 | I4: 6.5132387 | J4: 6.5132387 | K4: 12.618039 | L4: 7.3420304 | M4: 9.6509178 | N4: 6.8624145 | O4: 6.8624145 | P4: 13.08079 | Q4: 8.381148 | R4: 10.37393 | T4: 8.0763417 | U4: 8.6678001 | W4: 0.49 | X4: 0.73 | Y4: -
A5: UAB Artea Asset Management | B5: INV-68/74 | C5: Artea pensija 1968–1974 Index Plus | D5: 7m. | E5: 61.18 | F5: 248.29906 | G5: 22088 | I5: 7.6017008 | J5: 7.6017008 | K5: 11.181691 | L5: 8.0564922 | M5: 9.3688347 | N5: 7.2509023 | O5: 7.2509023 | P5: 12.735413 | Q5: 7.7849618 | R5: 9.8149586 | T5: 6.2715084 | U5: 8.2435801 | W5: 0.5 | X5: 1.1 | Y5: 1.1
A6: UAB „SEB investicijų valdymas“ | B6: SBN-68/74 | C6: SEB 1968–1974 metų tikslinės grupės pensijų kaupimo fondas | D6: 7m. | E6: 63.3 | F6: 579.84995 | G6: 52924 | I6: 5.7558753 | J6: 5.7558753 | K6: 11.839916 | L6: 7.7810861 | M6: 9.6238093 | N6: 6.9013374 | O6: 6.9013374 | P6: 14.222371 | Q6: 9.4993532 | R6: 11.210935 | T6: 7.8274596 | U6: 8.8567233 | W6: 0.5 | X6: - | Y6: 0.77
A7: UAB „Swedbank investicijų valdymas“ | B7: SWD-68/74 | C7: Swedbank pensija 1968–1974 [7] | D7: 7m. | E7: 65 | F7: 803.83453 | G7: 93440 | I7: 3.3027318 | J7: 3.3027318 | K7: 10.655024 | L7: 7.9630315 | M7: 9.6282856 | N7: 5.6635347 | O7: 5.6635347 | P7: 12.925598 | Q7: 8.616688 | R7: 10.439927 | T7: 8.0703747 | U7: 8.8508144 | W7: 0.41 | X7: - | Y7: 0.647
A8: Allianz Lietuva gyvybės draudimas UAB | B8: AVI-68/74 | C8: Allianz X2 1968–1974 tikslinės grupės pensijų fondas | D8: 7m. | E8: 65 | F8: 339.84283 | G8: 38562 | I8: 10.41543 | J8: 10.41543 | K8: 14.564893 | L8: 8.8187719 | M8: 9.2668434 | N8: 5.1931337 | O8: 5.1931337 | P8: 12.090342 | Q8: 8.3752922 | R8: 9.7378122 | T8: 8.0333058 | U8: 8.359713 | W8: 0.5 | X8: 0.89 | Y8: -
A9: Goindex, UAB | B9: GOX-68/74 | C9: Goindex pensija 1968–1974 tikslinės grupės pensijų fondas | D9: 3 m. 5 mėn. | E9: 100 | F9: 44.530987 | G9: 3549 | I9: 8.4040747 | J9: 8.4040747 | K9: 16.3124 | L9: Veikia trumpiau | M9: 10.423106 | N9: 7.5572113 | O9: 7.5572113 | P9: 16.29322 | Q9: Veikia trumpiau | R9: 10.651887 | T9: 11.248519 | U9: 11.471015 | W9: 0.4464 | X9: 0.5777 | Y9: -
A11: Pastaba: praeities rezultatai negarantuoja, kad tokie patys ar panašūs rezultatai bus ir ateityje. Įtakos 2019 m. pirmojo pusmečio pensijų fondų rezultatams galėjo turėti skirtingu laiku vykdytas turto perkėlimas į tikslinės grupės ir turto išsaugojimo pensijų fondus bei skirtingas fondų dydis nagrinėjamu laikotarpiu.
A12: [1] Apskaitos vieneto vertės pokytis. Juo atsižvelgiama į atskaitymus nuo turto.
A13: [2] Lyginamasis indeksas apibrėžiamas kaip pensijų kaupimo bendrovės pasirinktas orientacinis investicijų portfelis, atitinkantis fondo investavimo strategiją, su kurio vertės pokyčio reikšme lyginama fondo investicijų portfelio investicijų grąža.
A14: [3] Rodikliui apskaičiuoti naudoti mėnesiniai apskaitos vieneto (lyginamojo indekso) verčių pokyčiai, rezultatas perskaičiuotas į metinį. Standartinis nuokrypis parodo, kaip intensyviai per laikotarpį svyruoja fondo investicinio vieneto vertė (lyginamojo indekso vertė). Kuo šis rodiklis didesnis, tuo didesnė rizika.
A15: [4] Svertiniam vidurkiui apskaičiuoti naudotas 2025-12-31 dienos fondų grynųjų aktyvų dydis.
A16: [5] Investicijų į akcijas dalis, numatyta pensijų fondo strategijoje. Rizikingų turto klasių dalis gali būti padidinta arba sumažinta iki 10 procentinių punktų.
A17: [6] Grynieji aktyvai – pensijų fondą sudarančio turto ir įsipareigojimų verčių skirtumas.
A18: [7] Šie UAB „Swedbank investicijų valdymas“ valdomi pensijų fondai pradėjo veiklą 2018-03-01, tačiau dėl 2019 m. sausio mėnesį įsigaliojusios pensijų pertvarkos pagal galiojančius teisės aktus buvo įsteigti iš naujo, todėl jų rezultatai skaičiuojami nuo 2019 m. sausio 1 d. (kaip ir visų II pakopos pensijų fondų).
A19: [8] Bendrasis atskaitymų rodiklis (BAR) – procentinis dydis, apskaičiuojamas bendrąsias veiklos išlaidas (kurias sudaro atskaitymai nuo pensijų turto) dalijant iš vidutinės atitinkamo laikotarpio grynųjų aktyvų vertės. Kuo šis rodiklis didesnis, tuo daugiau mokesčių yra atskaitoma. Rodiklis skaičiuojamas kartą per metus. Daugiau informacijos apie šį rodiklį ir jo skaičiavimo tvarką galima rasti Lietuvos banko valdybos 2012 m. liepos 12 d. nutarimo Nr. 03-154 „Dėl Valdymo įmonių, kolektyvinio investavimo subjektų ir pensijų fondų informacijos rengimo ir teikimo taisyklių patvirtinimo“ VI skyriuje.
A20: [9] Bendrasis išlaidų koeficientas (BIK) – procentinis dydis, kuris parodo, kokia vidutinė pensijų fondo grynųjų aktyvų dalis skiriama jo valdymo išlaidoms padengti. Kai daugiau kaip 10 proc. pensijų fondo grynųjų aktyvų investuota į kitus kolektyvinio investavimo subjektus (skelbiančius savo BIK), turi būti apskaičiuojamas ir paskelbiamas sąlyginis šio pensijų fondo BIK. Jei ne visi šie kolektyvinio investavimo subjektai skaičiuoja savo BIK, skaičiuojamas tikėtinas sąlyginis tokio pensijų fondo BIK. Šios išlaidos tiesiogiai sumažina investuotojo investicijų grąžą (t. y. kuo šie rodikliai didesni, tuo daugiau mokesčių atskaitoma). Rodikliai skaičiuojami kartą per metus. Daugiau informacijos apie šiuos rodiklius ir jų skaičiavimo tvarką galima rasti Lietuvos banko valdybos 2012 m. liepos 12 d. nutarimo Nr. 03-154 „Dėl Valdymo įmonių, kolektyvinio investavimo subjektų ir pensijų fondų informacijos rengimo ir teikimo taisyklių patvirtinimo“ VI skyriuje.
A21: [10] Apskaičiuota taikant geometrinį vidurkį.
A22: [11] Goindex, UAB valdomi pensijų fondai įsteigti 2022-07-05
... A27: Dešiniau pavaizduoti pensijų fondai prisiima didesnę riziką (jų vieneto vertės svyruoja daugiau). Kairiau – mažesnę (jų vieneto vertės svyruoja mažiau).
A35: Fondas | B35: Rizika | C35: Grąža
A36: LMN-68/74 | B36: 8.0763417 | C36: 12.618039
A37: INV-68/74 | B37: 6.2715084 | C37: 11.181691
A38: SBN-68/74 | B38: 7.8274596 | C38: 11.839916
A39: SWD-68/74 | B39: 8.0703747 | C39: 10.655024
A40: AVI-68/74 | B40: 8.0333058 | C40: 14.564893
A41: GOX-68/74 | B41: 11.248519 | C41: 16.3124
A57: Dalyvių skaičiaus, grąžos (per praėjusius 3 metus) ir fondo turto palyginimas
A58: Kuo pensijų fondas paveiksle pavaizduotas aukščiau, tuo jo uždirbama grąža yra didesnė. Kuo žemiau – tuo grąža mažesnė.
A59: Dešiniau pavaizduoti pensijų fondai turi daugiau dalyvių. Kairiau – mažiau.
A60: Kuo didesnis fondą vaizduojančio skritulio dydis – tuo fondas turi daugiau turto. Kuo mažesnis – mažiau.
A65: Fondas | B65: Dalyvių sk. (tūkst.) | C65: Grąža (proc.) | D65: Fondo turtas (mln. Eur)
A66: INV-68/74 | B66: 22.088 | C66: 11.181691 | D66: 248.29906
A67: LMN-68/74 | B67: 17.99 | C67: 12.618039 | D67: 170.57983
A68: SBN-68/74 | B68: 52.924 | C68: 11.839916 | D68: 579.84995
A69: SWD-68/74 | B69: 93.44 | C69: 10.655024 | D69: 803.83453
A70: AVI-68/74 | B70: 38.562 | C70: 14.564893 | D70: 339.84283
A71: GOX-68/74 | B71: 3.549 | C71: 16.3124 | D71: 44.530987

Sheet 1961-1967
A1: 46022 | C1: Grįžti į pagrindinį puslapį | D1: Veiklos laikotarpis, metais | E1: Strategija | F1: Grynųjų aktyvų vertė, mln. Eur [6] | G1: Dalyvių skaičius | I1: Grąža | K1: 0 | N1: 0 | P1: 0 | T1: Rizika [3] | U1: 0 | W1: Išlaidų rodikliai (2024 m.) | X1: 0 | Y1: 0
A2: Pensijų kaupimo bendrovės pavadinimas | B2: Fondo kodas | C2: Pensijų fondo pavadinimas | D2: 0 | E2: rizikingų aktyvų dalis fonde, proc. [5] | F2: 0 | G2: 0 | I2: vieneto vertės pokytis nuo metų pradžios, proc. [1] | J2: vieneto vertės pokytis [1] per praėjusius 1 metus, proc. | K2: vidutinis metinis vieneto vertės pokytis [10] per praėjusius 3 metus, proc. | L2: vidutinis metinis vieneto vertės pokytis [10] per praėjusius 5 metus, proc. | M2: vidutinis metinis vieneto vertės pokytis [1] nuo faktinės GCF [12] pradžios | N2: lyginamojo indekso vertės pokytis nuo metų pradžios, proc. [2] | O2: lyginamojo indekso vertės pokytis [2] per praėjusius 1 metus, proc. | P2: vidutinis lyginamojo indekso vertės pokytis [10] per praėjusius 3 metus, proc. | Q2: vidutinis lyginamojo indekso vertės pokytis [10] per praėjusius 5 metus, proc. | R2: vidutinis metinis lyginamojo indekso vertės pokytis [2] nuo faktinės GCF [12] pradžios | T2: vieneto vertės standartinis nuokrypis, per praėjusius 3 metus, proc. | U2: lyginamojo indekso standartinis nuokrypis, per praėjusius 3 metus, proc. | W2: BAR, proc. [8] | X2: Sąlyginis BIK, proc. [9] | Y2: Tikėtinas sąlyginis BIK, proc. [9]
A3: Tikslinės pensijų fondų dalyvių grupės pensijų fondai, 1961-1967 | G3: Svertinis vidurkis [4]: | I3: 4.5730159 | J3: 4.5730159 | K3: 8.4949853 | L3: 4.4568966 | M3: 5.9419099 | N3: 4.1466298 | O3: 4.1466298 | P3: 8.7265959 | Q3: 4.1495585 | R3: 6.0487945
A4: Luminor investicijų valdymas UAB | B4: LMN-61/67 | C4: Luminor 1961–1967 tikslinės grupės pensijų fondas | D4: 7m. | E4: 30 | F4: 126.72778 | G4: 15881 | I4: 5.3947094 | J4: 5.3947094 | K4: 8.977522 | L4: 3.9747678 | M4: 6.1391762 | N4: 5.3706778 | O4: 5.3706778 | P4: 9.1735444 | Q4: 4.5931333 | R4: 6.6164534 | T4: 5.6666193 | U4: 6.1242627 | W4: 0.49 | X4: 0.71 | Y4: -
A5: UAB Artea Asset Management | B5: INV-61/67 | C5: Artea pensija 1961–1967 Index Plus | D5: 7m. | E5: 25.35 | F5: 152.67929 | G5: 16740 | I5: 6.2491203 | J5: 6.2491203 | K5: 8.8986728 | L5: 4.759661 | M5: 6.0571433 | N5: 5.5526116 | O5: 5.5526116 | P5: 8.995857 | Q5: 3.1723244 | R5: 5.3650948 | T5: 4.0243488 | U5: 4.9537152 | W5: 0.5 | X5: 0.83 | Y5: 0.83
A6: UAB „SEB investicijų valdymas“ | B6: SBN-61/67 | C6: SEB 1961–1967 metų tikslinės grupės pensijų kaupimo fondas | D6: 7m. | E6: 30.8 | F6: 413.40451 | G6: 45315 | I6: 4.2711299 | J6: 4.2711299 | K6: 8.6406116 | L6: 4.3600511 | M6: 5.9727127 | N6: 4.431848 | O6: 4.431848 | P6: 9.3391728 | Q6: 5.024597 | R6: 6.9083633 | T6: 4.8946719 | U6: 5.9073267 | W6: 0.5 | X6: - | Y6: 0.67
A7: UAB „Swedbank investicijų valdymas“ | B7: SWD-61/67 | C7: Swedbank pensija 1961–1967 [7] | D7: 7m. | E7: 30 | F7: 578.75342 | G7: 78991 | I7: 2.7183263 | J7: 2.7183263 | K7: 7.6910795 | L7: 4.5111439 | M7: 6.1896193 | N7: 3.4469752 | O7: 3.4469752 | P7: 8.5532332 | Q7: 3.5944014 | R7: 5.8564489 | T7: 4.968737 | U7: 6.2231479 | W7: 0.41 | X7: - | Y7: 0.4874
A8: Allianz Lietuva gyvybės draudimas UAB | B8: AVI-61/67 | C8: Allianz X1 1961–1967 tikslinės grupės pensijų fondas | D8: 7m. | E8: 30 | F8: 267.26285 | G8: 34648 | I8: 7.730711 | J8: 7.730711 | K8: 9.528529 | L8: 4.5448767 | M8: 5.1771872 | N8: 3.8418357 | O8: 3.8418357 | P8: 7.7630505 | Q8: 4.3461605 | R8: 5.2277987 | T8: 4.5630576 | U8: 4.7479491 | W8: 0.5 | X8: 0.78 | Y8: -
A9: Goindex, UAB | B9: GOX-61/67 | C9: Goindex pensija 1961–1967 tikslinės grupės pensijų fondas | D9: 3 m. 5 mėn. | E9: 30 | F9: 13.551248 | G9: 1335 | I9: 4.1476985 | J9: 4.1476985 | K9: 8.9412369 | L9: Veikia trumpiau | M9: 6.3619741 | N9: 4.0501044 | O9: 4.0501044 | P9: 9.2328798 | Q9: Veikia trumpiau | R9: 6.6274377 | T9: 5.3267265 | U9: 5.6942509 | W9: 0.4467 | X9: 0.5933 | Y9: -
A11: Pastaba: praeities rezultatai negarantuoja, kad tokie patys ar panašūs rezultatai bus ir ateityje. Įtakos 2019 m. pirmojo pusmečio pensijų fondų rezultatams galėjo turėti skirtingu laiku vykdytas turto perkėlimas į tikslinės grupės ir turto išsaugojimo pensijų fondus bei skirtingas fondų dydis nagrinėjamu laikotarpiu.
A12: [1] Apskaitos vieneto vertės pokytis. Juo atsižvelgiama į atskaitymus nuo turto.
A13: [2] Lyginamasis indeksas apibrėžiamas kaip pensijų kaupimo bendrovės pasirinktas orientacinis investicijų portfelis, atitinkantis fondo investavimo strategiją, su kurio vertės pokyčio reikšme lyginama fondo investicijų portfelio investicijų grąža.
A14: [3] Rodikliui apskaičiuoti naudoti mėnesiniai apskaitos vieneto (lyginamojo indekso) verčių pokyčiai, rezultatas perskaičiuotas į metinį. Standartinis nuokrypis parodo, kaip intensyviai per laikotarpį svyruoja fondo investicinio vieneto vertė (lyginamojo indekso vertė). Kuo šis rodiklis didesnis, tuo didesnė rizika.
A15: [4] Svertiniam vidurkiui apskaičiuoti naudotas 2025-12-31 dienos fondų grynųjų aktyvų dydis.
A16: [5] Investicijų į akcijas dalis, numatyta pensijų fondo strategijoje. Rizikingų turto klasių dalis gali būti padidinta arba sumažinta iki 10 procentinių punktų.
A17: [6] Grynieji aktyvai – pensijų fondą sudarančio turto ir įsipareigojimų verčių skirtumas.
A18: [7] Šie UAB „Swedbank investicijų valdymas“ valdomi pensijų fondai pradėjo veiklą 2018-03-01, tačiau dėl 2019 m. sausio mėnesį įsigaliojusios pensijų pertvarkos pagal galiojančius teisės aktus buvo įsteigti iš naujo, todėl jų rezultatai skaičiuojami nuo 2019 m. sausio 1 d. (kaip ir visų II pakopos pensijų fondų).
A19: [8] Bendrasis atskaitymų rodiklis (BAR) – procentinis dydis, apskaičiuojamas bendrąsias veiklos išlaidas (kurias sudaro atskaitymai nuo pensijų turto) dalijant iš vidutinės atitinkamo laikotarpio grynųjų aktyvų vertės. Kuo šis rodiklis didesnis, tuo daugiau mokesčių yra atskaitoma. Rodiklis skaičiuojamas kartą per metus. Daugiau informacijos apie šį rodiklį ir jo skaičiavimo tvarką galima rasti Lietuvos banko valdybos 2012 m. liepos 12 d. nutarimo Nr. 03-154 „Dėl Valdymo įmonių, kolektyvinio investavimo subjektų ir pensijų fondų informacijos rengimo ir teikimo taisyklių patvirtinimo“ VI skyriuje.
A20: [9] Bendrasis išlaidų koeficientas (BIK) – procentinis dydis, kuris parodo, kokia vidutinė pensijų fondo grynųjų aktyvų dalis skiriama jo valdymo išlaidoms padengti. Kai daugiau kaip 10 proc. pensijų fondo grynųjų aktyvų investuota į kitus kolektyvinio investavimo subjektus (skelbiančius savo BIK), turi būti apskaičiuojamas ir paskelbiamas sąlyginis šio pensijų fondo BIK. Jei ne visi šie kolektyvinio investavimo subjektai skaičiuoja savo BIK, skaičiuojamas tikėtinas sąlyginis tokio pensijų fondo BIK. Šios išlaidos tiesiogiai sumažina investuotojo investicijų grąžą (t. y. kuo šie rodikliai didesni, tuo daugiau mokesčių atskaitoma). Rodikliai skaičiuojami kartą per metus. Daugiau informacijos apie šiuos rodiklius ir jų skaičiavimo tvarką galima rasti Lietuvos banko valdybos 2012 m. liepos 12 d. nutarimo Nr. 03-154 „Dėl Valdymo įmonių, kolektyvinio investavimo subjektų ir pensijų fondų informacijos rengimo ir teikimo taisyklių patvirtinimo“ VI skyriuje.
A21: [10] Apskaičiuota taikant geometrinį vidurkį.
A22: [11] Goindex, UAB valdomi pensijų fondai įsteigti 2022-07-05
... A27: Dešiniau pavaizduoti pensijų fondai prisiima didesnę riziką (jų vieneto vertės svyruoja daugiau). Kairiau – mažesnę (jų vieneto vertės svyruoja mažiau).
A35: Fondas | B35: Rizika | C35: Grąža
A36: LMN-61/67 | B36: 5.6666193 | C36: 8.977522
A37: INV-61/67 | B37: 4.0243488 | C37: 8.8986728
A38: SBN-61/67 | B38: 4.8946719 | C38: 8.6406116
A39: SWD-61/67 | B39: 4.968737 | C39: 7.6910795
A40: AVI-61/67 | B40: 4.5630576 | C40: 9.528529
A41: GOX-61/67 | B41: 5.3267265 | C41: 8.9412369
A57: Dalyvių skaičiaus, grąžos (per praėjusius 3 metus) ir fondo turto palyginimas
A58: Kuo pensijų fondas paveiksle pavaizduotas aukščiau, tuo jo uždirbama grąža yra didesnė. Kuo žemiau – tuo grąža mažesnė.
A59: Dešiniau pavaizduoti pensijų fondai turi daugiau dalyvių. Kairiau – mažiau.
A60: Kuo didesnis fondą vaizduojančio skritulio dydis – tuo fondas turi daugiau turto. Kuo mažesnis – mažiau.
A65: Fondas | B65: Dalyvių sk. (tūkst.) | C65: Grąža (proc.) | D65: Fondo turtas (mln. Eur)
A66: LMN-61/67 | B66: 15.881 | C66: 8.977522 | D66: 126.72778
A67: INV-61/67 | B67: 16.74 | C67: 8.8986728 | D67: 152.67929
A68: SBN-61/67 | B68: 45.315 | C68: 8.6406116 | D68: 413.40451
A69: SWD-61/67 | B69: 78.991 | C69: 7.6910795 | D69: 578.75342
A70: AVI-61/67 | B70: 34.648 | C70: 9.528529 | D70: 267.26285
A71: GOX-61/67 | B71: 1.335 | C71: 8.9412369 | D71: 13.551248

Sheet TIF
A1: 46022 | C1: Grįžti į pagrindinį puslapį | D1: =+GCF_2025!D1 -> Veiklos laikotarpis, metais | E1: =+GCF_2025!E1 -> Strategija | F1: =+GCF_2025!F1 -> Grynųjų aktyvų vertė, mln. Eur [6] | G1: =+GCF_2025!G1 -> Dalyvių skaičius | I1: =+GCF_2025!I1 -> Grąža | K1: =+GCF_2025!K1 -> 0 | N1: =+GCF_2025!N1 -> 0 | P1: =+GCF_2025!P1 -> 0 | T1: =+GCF_2025!T1 -> Rizika [3] | U1: =+GCF_2025!U1 -> 0 | W1: =+GCF_2025!W1 -> Išlaidų rodikliai (2024 m.) | X1: =+GCF_2025!X1 -> 0 | Y1: =+GCF_2025!Y1 -> 0
A2: =+GCF_2025!A2 -> Pensijų kaupimo bendrovės pavadinimas | B2: =+GCF_2025!B2 -> Fondo kodas | C2: =+GCF_2025!C2 -> Pensijų fondo pavadinimas | D2: =+GCF_2025!D2 -> 0 | E2: =+GCF_2025!E2 -> rizikingų aktyvų dalis fonde, proc. [5] | F2: =+GCF_2025!F2 -> 0 | G2: =+GCF_2025!G2 -> 0 | I2: =+GCF_2025!I2 -> vieneto vertės pokytis nuo metų pradžios, proc. [1] | J2: =+GCF_2025!J2 -> vieneto vertės pokytis [1] per praėjusius 1 metus, proc. | K2: =+GCF_2025!K2 -> vidutinis metinis vieneto vertės pokytis [10] per praėjusius 3 metus, proc. | L2: =+GCF_2025!L2 -> vidutinis metinis vieneto vertės pokytis [10] per praėjusius 5 metus, proc. | M2: =+GCF_2025!M2 -> vidutinis metinis vieneto vertės pokytis [1] nuo faktinės GCF [12] pradžios | N2: =+GCF_2025!N2 -> lyginamojo indekso vertės pokytis nuo metų pradžios, proc. [2] | O2: =+GCF_2025!O2 -> lyginamojo indekso vertės pokytis [2] per praėjusius 1 metus, proc. | P2: =+GCF_2025!P2 -> vidutinis lyginamojo indekso vertės pokytis [10] per praėjusius 3 metus, proc. | ... R2: =+GCF_2025!R2 -> vidutinis metinis lyginamojo indekso vertės pokytis [2] nuo faktinės GCF [12] pradžios | T2: =+GCF_2025!T2 -> vieneto vertės standartinis nuokrypis, per praėjusius 3 metus, proc. | U2: =+GCF_2025!U2 -> lyginamojo indekso standartinis nuokrypis, per praėjusius 3 metus, proc. | W2: =+GCF_2025!W2 -> BAR, proc. [8] | X2: =+GCF_2025!X2 -> Sąlyginis BIK, proc. [9] | Y2: =+GCF_2025!Y2 -> Tikėtinas sąlyginis BIK, proc. [9]
A3: =+GCF_2025!A52 -> Pensijų turto išsaugojimo pensijų fondai | G3: =+GCF_2025!G52 -> Svertinis vidurkis [4]: | I3: =+GCF_2025!I52 -> 3.461352 | J3: =+GCF_2025!J52 -> 3.461352 | K3: =+GCF_2025!K52 -> 5.8266388 | L3: =+GCF_2025!L52 -> 1.56599 | M3: =+GCF_2025!M52 -> 2.3599239 | N3: =+GCF_2025!N52 -> 2.8248504 | O3: =+GCF_2025!O52 -> 2.8248504 | P3: =+GCF_2025!P52 -> 5.4993007 | ... R3: =+GCF_2025!R52 -> 1.8868511
A4: =+GCF_2025!A53 -> Luminor investicijų valdymas UAB | B4: =+GCF_2025!B53 -> LMN-TIPF | C4: =+GCF_2025!C53 -> Luminor turto išsaugojimo fondas | D4: =+GCF_2025!D53 -> 7m. | E4: =+GCF_2025!E53 -> 10 | F4: =+GCF_2025!F53 -> 28.106035 | G4: =+GCF_2025!G53 -> 4809 | I4: =+GCF_2025!I53 -> 3.3939723 | J4: =+GCF_2025!J53 -> 3.3939723 | K4: =+GCF_2025!K53 -> 5.0407497 | L4: =+GCF_2025!L53 -> 1.1128928 | M4: =+GCF_2025!M53 -> 1.9185606 | N4: =+GCF_2025!N53 -> 4.6665201 | O4: =+GCF_2025!O53 -> 4.6665201 | P4: =+GCF_2025!P53 -> 5.5737644 | ... R4: =+GCF_2025!R53 -> 2.4027474 | T4: =+GCF_2025!T53 -> 3.3890977 | U4: =+GCF_2025!U53 -> 3.5782713 | W4: =+GCF_2025!#REF! -> #REF! | X4: =+GCF_2025!#REF! -> #REF! | Y4: =+GCF_2025!#REF! -> #REF!
A5: =+GCF_2025!A54 -> UAB Artea Asset Management | B5: =+GCF_2025!B54 -> INV-TIPF | C5: =+GCF_2025!C54 -> Artea pensijų turto išsaugojimo fondas | D5: =+GCF_2025!D54 -> 7m. | E5: =+GCF_2025!E54 -> 17 | F5: =+GCF_2025!F54 -> 30.375756 | G5: =+GCF_2025!G54 -> 4267 | I5: =+GCF_2025!I54 -> 3.0716438 | J5: =+GCF_2025!J54 -> 3.0716438 | K5: =+GCF_2025!K54 -> 5.6804193 | L5: =+GCF_2025!L54 -> 2.0239299 | M5: =+GCF_2025!M54 -> 3.0170472 | N5: =+GCF_2025!N54 -> 2.9981658 | O5: =+GCF_2025!O54 -> 2.9981658 | P5: =+GCF_2025!P54 -> 5.1895716 | ... R5: =+GCF_2025!R54 -> 2.7597092 | T5: =+GCF_2025!T54 -> 2.6351452 | U5: =+GCF_2025!U54 -> 2.6065821 | W5: =+GCF_2025!#REF! -> #REF! | X5: =+GCF_2025!#REF! -> #REF! | Y5: =+GCF_2025!#REF! -> #REF!
A6: =+GCF_2025!A55 -> UAB „SEB investicijų valdymas“ | B6: =+GCF_2025!B55 -> SBN-TIPF | C6: =+GCF_2025!C55 -> SEB turto išsaugojimo pensijų kaupimo fondas | D6: =+GCF_2025!D55 -> 7m. | E6: =+GCF_2025!E55 -> 15 | F6: =+GCF_2025!F55 -> 97.240802 | G6: =+GCF_2025!G55 -> 10998 | I6: =+GCF_2025!I55 -> 3.3638344 | J6: =+GCF_2025!J55 -> 3.3638344 | K6: =+GCF_2025!K55 -> 6.0807482 | L6: =+GCF_2025!L55 -> 1.6223057 | M6: =+GCF_2025!M55 -> 2.4661635 | N6: =+GCF_2025!N55 -> 2.7338326 | O6: =+GCF_2025!O55 -> 2.7338326 | P6: =+GCF_2025!P55 -> 5.6621719 | ... R6: =+GCF_2025!R55 -> 2.2168406 | T6: =+GCF_2025!T55 -> 3.2896385 | U6: =+GCF_2025!U55 -> 4.3601255 | W6: =+GCF_2025!#REF! -> #REF! | X6: =+GCF_2025!#REF! -> #REF! | Y6: =+GCF_2025!#REF! -> #REF!
A7: =+GCF_2025!A56 -> UAB „Swedbank investicijų valdymas“ | B7: =+GCF_2025!B56 -> SWD-TIPF | C7: =+GCF_2025!C56 -> Swedbank turto išsaugojimo pensijų fondas | D7: =+GCF_2025!D56 -> 7m. | E7: =+GCF_2025!E56 -> 15 | F7: =+GCF_2025!F56 -> 133.49014 | G7: =+GCF_2025!G56 -> 12268 | I7: =+GCF_2025!I56 -> 1.9925496 | J7: =+GCF_2025!J56 -> 1.9925496 | K7: =+GCF_2025!K56 -> 5.7256106 | L7: =+GCF_2025!L56 -> 1.6350399 | M7: =+GCF_2025!M56 -> 2.3572983 | N7: =+GCF_2025!N56 -> 2.4281247 | O7: =+GCF_2025!O56 -> 2.4281247 | P7: =+GCF_2025!P56 -> 6.0064115 | ... R7: =+GCF_2025!R56 -> 1.5221575 | T7: =+GCF_2025!T56 -> 3.5472974 | U7: =+GCF_2025!U56 -> 5.029629 | W7: =+GCF_2025!#REF! -> #REF! | X7: =+GCF_2025!#REF! -> #REF! | Y7: =+GCF_2025!#REF! -> #REF!
A8: =+GCF_2025!A57 -> Allianz Lietuva gyvybės draudimas UAB | B8: =+GCF_2025!B57 -> AVI-TIPF | C8: =+GCF_2025!C57 -> Allianz S turto išsaugojimo pensijų fondas | D8: =+GCF_2025!D57 -> 7m. | E8: =+GCF_2025!E57 -> 10 | F8: =+GCF_2025!F57 -> 70.272019 | G8: =+GCF_2025!G57 -> 10683 | I8: =+GCF_2025!I57 -> 6.6169017 | J8: =+GCF_2025!J57 -> 6.6169017 | K8: =+GCF_2025!K57 -> 6.1333062 | L8: =+GCF_2025!L57 -> 1.3401651 | M8: =+GCF_2025!M57 -> 2.1022206 | N8: =+GCF_2025!N57 -> 2.897075 | O8: =+GCF_2025!O57 -> 2.897075 | P8: =+GCF_2025!P57 -> 4.4739253 | ... R8: =+GCF_2025!R57 -> 1.5086594 | T8: =+GCF_2025!T57 -> 2.7585579 | U8: =+GCF_2025!U57 -> 2.6173922 | W8: =+GCF_2025!#REF! -> #REF! | X8: =+GCF_2025!#REF! -> #REF! | Y8: =+GCF_2025!#REF! -> #REF!
A9: =+GCF_2025!A58 -> Goindex, UAB | B9: =+GCF_2025!B58 -> GOX-TIPF | C9: =+GCF_2025!C58 -> Goindex turto išsaugojimo pensijų fondas | D9: =+GCF_2025!D58 -> 3 m. 5 mėn. | E9: =+GCF_2025!E58 -> 0 | F9: =+GCF_2025!F58 -> 2.2987906 | G9: =+GCF_2025!G58 -> 158 | I9: =+GCF_2025!I58 -> 2.3903262 | J9: =+GCF_2025!J58 -> 2.3903262 | K9: =+GCF_2025!K58 -> 3.1104633 | L9: =+GCF_2025!L58 -> Veikia trumpiau | M9: =+GCF_2025!M58 -> 2.6093402 | N9: =+GCF_2025!N58 -> 2.6976571 | O9: =+GCF_2025!O58 -> 2.6976571 | P9: =+GCF_2025!P58 -> 3.6890345 | ... R9: =+GCF_2025!R58 -> 2.8253127 | T9: =+GCF_2025!T58 -> 2.066713 | U9: =+GCF_2025!U58 -> 2.2390701 | W9: =+GCF_2025!#REF! -> #REF! | X9: =+GCF_2025!#REF! -> #REF! | Y9: =+GCF_2025!#REF! -> #REF!
A11: =+GCF_2025!A62 -> Pastaba: praeities rezultatai negarantuoja, kad tokie patys ar panašūs rezultatai bus ir ateityje. Įtakos 2019 m. pirmojo pusmečio pensijų fondų rezultatams galėjo turėti skirtingu laiku vykdytas turto perkėlimas į tikslinės grupės ir turto išsaugojimo pensijų fondus bei skirtingas fondų dydis nagrinėjamu laikotarpiu.
A12: =+GCF_2025!A63 -> [1] Apskaitos vieneto vertės pokytis. Juo atsižvelgiama į atskaitymus nuo turto.
A13: =+GCF_2025!A64 -> [2] Lyginamasis indeksas apibrėžiamas kaip pensijų kaupimo bendrovės pasirinktas orientacinis investicijų portfelis, atitinkantis fondo investavimo strategiją, su kurio vertės pokyčio reikšme lyginama fondo investicijų portfelio investicijų grąža.
A14: =+GCF_2025!A65 -> [3] Rodikliui apskaičiuoti naudoti mėnesiniai apskaitos vieneto (lyginamojo indekso) verčių pokyčiai, rezultatas perskaičiuotas į metinį. Standartinis nuokrypis parodo, kaip intensyviai per laikotarpį svyruoja fondo investicinio vieneto vertė (lyginamojo indekso vertė). Kuo šis rodiklis didesnis, tuo didesnė rizika.
A15: =+GCF_2025!A66 -> [4] Svertiniam vidurkiui apskaičiuoti naudotas 2025-12-31 dienos fondų grynųjų aktyvų dydis.
A16: =+GCF_2025!A67 -> [5] Investicijų į akcijas dalis, numatyta pensijų fondo strategijoje. Rizikingų turto klasių dalis gali būti padidinta arba sumažinta iki 10 procentinių punktų.
A17: =+GCF_2025!A68 -> [6] Grynieji aktyvai – pensijų fondą sudarančio turto ir įsipareigojimų verčių skirtumas.
A18: =+GCF_2025!A69 -> [7] Šie UAB „Swedbank investicijų valdymas“ valdomi pensijų fondai pradėjo veiklą 2018-03-01, tačiau dėl 2019 m. sausio mėnesį įsigaliojusios pensijų pertvarkos pagal galiojančius teisės aktus buvo įsteigti iš naujo, todėl jų rezultatai skaičiuojami nuo 2019 m. sausio 1 d. (kaip ir visų II pakopos pensijų fondų).
A19: =+GCF_2025!A70 -> [8] Bendrasis atskaitymų rodiklis (BAR) – procentinis dydis, apskaičiuojamas bendrąsias veiklos išlaidas (kurias sudaro atskaitymai nuo pensijų turto) dalijant iš vidutinės atitinkamo laikotarpio grynųjų aktyvų vertės. Kuo šis rodiklis didesnis, tuo daugiau mokesčių yra atskaitoma. Rodiklis skaičiuojamas kartą per metus. Daugiau informacijos apie šį rodiklį ir jo skaičiavimo tvarką galima rasti Lietuvos banko valdybos 2012 m. liepos 12 d. nutarimo Nr. 03-154 „Dėl Valdymo įmonių, kolektyvinio investavimo subjektų ir pensijų fondų informacijos rengimo ir teikimo taisyklių patvirtinimo“ VI skyriuje.
A20: =+GCF_2025!A71 -> [9] Bendrasis išlaidų koeficientas (BIK) – procentinis dydis, kuris parodo, kokia vidutinė pensijų fondo grynųjų aktyvų dalis skiriama jo valdymo išlaidoms padengti. Kai daugiau kaip 10 proc. pensijų fondo grynųjų aktyvų investuota į kitus kolektyvinio investavimo subjektus (skelbiančius savo BIK), turi būti apskaičiuojamas ir paskelbiamas sąlyginis šio pensijų fondo BIK. Jei ne visi šie kolektyvinio investavimo subjektai skaičiuoja savo BIK, skaičiuojamas tikėtinas sąlyginis tokio pensijų fondo BIK. Šios išlaidos tiesiogiai sumažina investuotojo investicijų grąžą (t. y. kuo šie rodikliai didesni, tuo daugiau mokesčių atskaitoma). Rodikliai skaičiuojami kartą per metus. Daugiau informacijos apie šiuos rodiklius ir jų skaičiavimo tvarką galima rasti Lietuvos banko valdybos 2012 m. liepos 12 d. nutarimo Nr. 03-154 „Dėl Valdymo įmonių, kolektyvinio investavimo subjektų ir pensijų fondų informacijos rengimo ir teikimo taisyklių patvirtinimo“ VI skyriuje.
A21: =+GCF_2025!A72 -> [10] Apskaičiuota taikant geometrinį vidurkį.
A22: =+GCF_2025!A73 -> [11] Goindex, UAB valdomi pensijų fondai įsteigti 2022-07-05
A23: [12] Apskaičiuota nuo faktinės GCF (t. y., gyvenimo ciklo fondų) pradžios. Išskyrus Goindex, UAB pensijų fondus, kurių grąža apskaičiuota nuo fondų veiklos pradžios (2022 m. liepos mėn.) ir 2003-2009 m. tikslinės pensijų fondų dalyvių grupės pensijų fondus, kurių grąža apskaičiuota nuo fondų veiklos pradžios (2025 m.).
A25: =+'1996-2002'!A25 -> Rizikos ir grąžos palyginimas (per praėjusius 3 metus)
A26: =+'1996-2002'!A26 -> Kuo pensijų fondas paveiksle vaizduojamas aukščiau, tuo jo uždirbama grąža yra didesnė. Kuo žemiau – tuo grąža mažesnė.
A27: =+'1996-2002'!A27 -> Dešiniau pavaizduoti pensijų fondai prisiima didesnę riziką (jų vieneto vertės svyruoja daugiau). Kairiau – mažesnę (jų vieneto vertės svyruoja mažiau).
A35: Fondas | B35: Rizika | C35: Grąža
A36: =+B4 -> LMN-TIPF | B36: =+T4 -> 3.3890977 | C36: =+K4 -> 5.0407497
A37: =+B5 -> INV-TIPF | B37: =+T5 -> 2.6351452 | C37: =+K5 -> 5.6804193
A38: =+B6 -> SBN-TIPF | B38: =+T6 -> 3.2896385 | C38: =+K6 -> 6.0807482
A39: =+B7 -> SWD-TIPF | B39: =+T7 -> 3.5472974 | C39: =+K7 -> 5.7256106
A40: =+B8 -> AVI-TIPF | B40: =+T8 -> 2.7585579 | C40: =+K8 -> 6.1333062
A41: =+B9 -> GOX-TIPF | B41: =+T9 -> 2.066713 | C41: =+K9 -> 3.1104633
A57: =+'1996-2002'!A57 -> Dalyvių skaičiaus, grąžos (per praėjusius 3 metus) ir fondo turto palyginimas
A58: =+'1996-2002'!A58 -> Kuo pensijų fondas paveiksle pavaizduotas aukščiau, tuo jo uždirbama grąža yra didesnė. Kuo žemiau – tuo grąža mažesnė.
A59: =+'1996-2002'!A59 -> Dešiniau pavaizduoti pensijų fondai turi daugiau dalyvių. Kairiau – mažiau.
A60: =+'1996-2002'!A60 -> Kuo didesnis fondą vaizduojančio skritulio dydis – tuo fondas turi daugiau turto. Kuo mažesnis – mažiau.
A65: Fondas | B65: Dalyvių sk. (tūkst.) | C65: Grąža (proc.) | D65: Fondo turtas (mln. Eur)
A66: =+B4 -> LMN-TIPF | B66: =+G4/1000 -> 4.809 | C66: =+K4 -> 5.0407497 | D66: =+F4 -> 28.106035
A67: =+B5 -> INV-TIPF | B67: =+G5/1000 -> 4.267 | C67: =+K5 -> 5.6804193 | D67: =+F5 -> 30.375756
A68: =+B6 -> SBN-TIPF | B68: =+G6/1000 -> 10.998 | C68: =+K6 -> 6.0807482 | D68: =+F6 -> 97.240802
A69: =+B7 -> SWD-TIPF | B69: =+G7/1000 -> 12.268 | C69: =+K7 -> 5.7256106 | D69: =+F7 -> 133.49014
A70: =+B8 -> AVI-TIPF | B70: =+G8/1000 -> 10.683 | C70: =+K8 -> 6.1333062 | D70: =+F8 -> 70.272019
A71: =+B9 -> GOX-TIPF | B71: =+G9/1000 -> 0.158 | C71: =+K9 -> 3.1104633 | D71: =+F9 -> 2.2987906

Sheet Strategijų_palyginimas
A1: Dalyvio amžius | B1: Rizikingų turto klasių dalis *
A2: Dalyvio amžius | B2: UAB „SEB investicijų valdymas“ | C2: UAB Artea Asset Management | D2: UAB „Swedbank investicijų valdymas“ | E2: Luminor investicijų valdymas UAB | F2: Allianz Lietuva gyvybės draudimas UAB | G2: Goindex, UAB | H2: Grįžti į pagrindinį puslapį
A3: 20 | B3: 98 | C3: 97 | D3: 97 | E3: 90 | F3: 90 | G3: 100
A4: 21 | B4: 98 | C4: 97 | D4: 97 | E4: 90 | F4: 90 | G4: 100
A5: 22 | B5: 98 | C5: 97 | D5: 97 | E5: 90 | F5: 90 | G5: 100
A6: 23 | B6: 98 | C6: 97 | D6: 97 | E6: 90 | F6: 90 | G6: 100
A7: 24 | B7: 98 | C7: 97 | D7: 97 | E7: 90 | F7: 90 | G7: 100
A8: 25 | B8: 98 | C8: 97 | D8: 97 | E8: 90 | F8: 90 | G8: 100
A9: 26 | B9: 98 | C9: 97 | D9: 97 | E9: 90 | F9: 90 | G9: 100
A10: 27 | B10: 98 | C10: 97 | D10: 97 | E10: 90 | F10: 90 | G10: 100
A11: 28 | B11: 98 | C11: 97 | D11: 97 | E11: 90 | F11: 90 | G11: 100
A12: 29 | B12: 98 | C12: 97 | D12: 97 | E12: 90 | F12: 90 | G12: 100
A13: 30 | B13: 98 | C13: 97 | D13: 97 | E13: 90 | F13: 90 | G13: 100
A14: 31 | B14: 98 | C14: 97 | D14: 97 | E14: 90 | F14: 90 | G14: 100
... A51: 68 | B51: 18.5 | C51: 10 | D51: 15 | E51: 10 | F51: 15 | G51: 0
A52: * Rizikingų turto klasių dalis gali būti padidinta arba sumažinta iki 10 procentinių punktų.
