Workbook

Sheet 2023-12-31
A1: 45291 | I1: FONDŲ GRĄŽA | P1: LYGINAMOJO INDEKSO GRĄŽA [3] | S1: RIZIKOS RODIKLIAI [4]
A2: Pensijų kaupimo bendrovės pavadinimas | B2: Fondo kodas | C2: Pensijų fondo pavadinimas | D2: Veiklos laikotarpis | E2: Rizikingų aktyvų dalis fonde (investicijų į akcijas dalis), proc. | F2: Grynųjų aktyvų [6] vertė, mln. Eur | G2: Dalyvių skaičius | I2: grąža [1] nuo metų pradžios, proc. | J2: vidutinė metinė grąža [2] per praėjusius 1 metus, proc. | K2: vidutinė metinė grąža [2] per praėjusius 3 metus, proc. | L2: vidutinė metinė grąža [2] per praėjusius 5 metus, proc. | M2: vidutinė metinė grąža [2] per praėjusius 10 metų, proc. | N2: vidutinė metinė grąža [2] per praėjusius 15 metų, proc. | P2: vidutinė metinė lyginamojo indekso grąža per praėjusius 3 metus, proc. | Q2: vidutinė metinė lyginamojo indekso grąža per praėjusius 5 metus, proc. | S2: standartinis nuokrypis per praėjusius 5 metus, proc. | T2: standartinis nuokrypis per praėjusius 10 metų, proc.
A3: Obligacijų pensijų fondai | G3: Svertinis vidurkis [5]: | I3: 6.8539627 | J3: 6.8539627 | K3: -2.4689992 | L3: -0.20499334 | M3: 0.76357728 | N3: 3.0101814 | P3: -2.9832604 | Q3: -0.36594723
A4: Luminor investicijų valdymas UAB | B4: S040 | C4: Luminor ateitis 58 + | D4: 10 m. 2 mėn. | E4: 0 | F4: 10.177207 | G4: 3903 | I4: 5.7466919 | J4: 5.7466919 | K4: -2.5138054 | L4: -0.95182649 | M4: -0.2885389 | N4: - | P4: -1.6631863 | Q4: -0.42617906 | S4: 2.7843262 | T4: 2.0695814
A5: UAB „SB Asset Management“ [7] | B5: S022 | C5: INVL STABILO III 58+ / INVL Stabilus | D5: 19 m. | E5: 0 | F5: 12.829516 | G5: 3078 | I5: 7.5715801 | J5: 7.5715801 | K5: -2.3735072 | L5: 0.12666285 | M5: 1.154421 | N5: 3.3500273 | P5: -5.01618 | Q5: -1.480937 | S5: 4.5508075 | T5: 3.6512005
A6: UAB „SEB investicijų valdymas“ | B6: S017 | C6: SEB pensija 58+ | D6: 19 m. 2 mėn. | E6: iki 8 | F6: 9.330945 | G6: 2139 | I6: 7.0749736 | J6: 7.0749736 | K6: -2.5514252 | L6: 0.1535649 | M6: 0.54089714 | N6: 2.5429127 | P6: -1.6279092 | Q6: 1.2327945 | S6: 4.5783883 | T6: 3.5372618
A8: Mišraus investavimo pensijų fondai | G8: Svertinis vidurkis [5]: | I8: 10.517066 | J8: 10.54277 | K8: 0.96096382 | L8: 4.2541591 | M8: 3.6335272 | N8: 5.0217127 | P8: 1.6349996 | Q8: 4.5265417
A9: Luminor investicijų valdymas UAB | B9: S019 | C9: Luminor ateitis 50 – 58 | D9: 19 m. 2 mėn. | E9: iki 50 | F9: 52.347951 | G9: 24435 | I9: 10.314721 | J9: 10.314721 | K9: 0.53327727 | L9: 3.3712448 | M9: 3.1403155 | N9: 4.9493296 | P9: 2.3704106 | Q9: 4.5131662 | S9: 6.5514853 | T9: 5.6351816
A10: UAB „SB Asset Management“ | B10: S039 | C10: INVL Apdairus | D10: 10 m. 7 mėn. | E10: iki 70 | F10: 3.982583 | G10: 1582 | I10: 10.234172 | J10: 10.234172 | K10: -0.65569999 | L10: 3.2404686 | M10: 2.7748569 | N10: - | P10: 0.022095969 | Q10: 4.1129318 | S10: 10.451808 | T10: 8.3462093
A11: UAB „SB Asset Management“ | B11: S032 | C11: INVL Medio III 47+ | D11: 16 m. 3 mėn. | E11: iki 70 | F11: 22.255581 | G11: 5229 | I11: 10.810329 | J11: 10.810329 | K11: 2.1228245 | L11: 5.0090475 | M11: 4.9472806 | N11: 5.1919669 | P11: 0.038410408 | Q11: 4.632017 | S11: 8.1947498 | T11: 7.0603706
A12: UAB „Swedbank investicijų valdymas“ | B12: S046 | C12: Pensijos fondas 60+ (apriboto nutraukimo) | D12: 4 m. | E12: iki 30 | F12: 0.641372 | G12: 146 | I12: 8.9803141 | J12: 8.9803141 | K12: -1.6458113 | L12: 4.9472806 | M12: - | N12: - | P12: -1.7967038 | Q12: - | S12: 7.0603706 | T12: -
A13: UAB „Swedbank investicijų valdymas“ | B13: S047 | C13: Pensijos fondas 50+ (apriboto nutraukimo) | D13: 4 m. | E13: iki 60 | F13: 2.109475 | G13: 763 | I13: 11.507457 | J13: 11.507457 | K13: 1.6590844 | L13: 5.1919669 | M13: - | N13: - | P13: 1.8477751 | Q13: - | S13: - | T13: -
A14: UAB „Swedbank investicijų valdymas“ | B14: S054 | C14: Pensijos fondas 60+ | D14: 1 m. 8 mėn. | E14: iki 30 | F14: 0.712311 | G14: 1290 | I14: 8.2895014 | J14: 8.2895014 | K14: - | L14: - | M14: - | N14: - | P14: - | Q14: - | S14: - | T14: -
A15: UAB „Swedbank investicijų valdymas“ | B15: S053 | C15: Pensijos fondas 50+ | D15: 1 m. 8 mėn. | E15: iki 60 | F15: 2.998145 | G15: 8418 | I15: 11.533926 | J15: 11.533926 | K15: - | L15: - | M15: - | N15: - | P15: - | Q15: - | S15: - | T15: -
A16: UAB „SEB investicijų valdymas“ | B16: S049 | C16: SEB pensija 50+ | D16: 3 m. 9 mėn. | E16: 40-60 | F16: 2.358829 | G16: 1289 | I16: 11.493735 | J16: 11.493735 | K16: 2.3041609 | L16: 8.1947498 | M16: - | N16: - | P16: 3.8443323 | Q16: - | S16: - | T16: -
A17: Goindex, UAB | B17: S057 | C17: Goindex subalansuotas | D17: 1 m. 5 mėn. | E17: iki 60 | F17: 0.21362 | G17: 98 | I17: 12.028878 | J17: 12.028878 | K17: - | L17: - | M17: - | N17: - | P17: - | Q17: - | S17: - | T17: -
A19: Akcijų pensijų fondai | G19: Svertinis vidurkis [5]: | I19: 14.549817 | J19: 14.748528 | K19: 7.7630348 | L19: 6.8904251 | M19: 7.5885672 | N19: 7.9472249 | P19: 8.7455857 | Q19: 11.673438
A20: Luminor investicijų valdymas UAB | B20: S028 | C20: Luminor ateitis 16 – 50 | D20: 16 m. 3 mėn. | E20: iki 100 | F20: 15.451138 | G20: 5138 | I20: 14.457109 | J20: 14.457109 | K20: 4.2712912 | L20: 9.5123101 | M20: 7.0804638 | N20: 8.1653944 | P20: 7.7239251 | Q20: 11.224383 | S20: 14.365176 | T20: 12.26581
A21: UAB „SB Asset Management“ | B21: S021 | C21: INVL Drąsus | D21: 19 m. | E21: iki 100 | F21: 12.116414 | G21: 4337 | I21: 15.485687 | J21: 15.485687 | K21: 10.168795 | L21: 9.9724845 | M21: 7.0475638 | N21: 8.2246653 | P21: 13.071274 | Q21: 12.013995 | S21: 12.546707 | T21: 10.631626
A22: UAB „SB Asset Management“ | B22: S033 | C22: INVL Extremo III 16+ | D22: 16 m. 3 mėn. | E22: iki 100 | F22: 71.723653 | G22: 19198 | I22: 12.978778 | J22: 12.978778 | K22: 7.2973878 | L22: 9.9443429 | M22: 8.3206779 | N22: 7.6517506 | P22: 7.9501953 | Q22: 11.360515 | S22: 12.984795 | T22: 11.403021
A23: UAB „SEB investicijų valdymas“ | B23: S018 | C23: SEB pensija 18+ | D23: 19 m. 2 mėn. | E23: iki 100 | F23: 53.176224 | G23: 13224 | I23: 15.5259 | J23: 15.5259 | K23: 6.7354649 | L23: - | M23: 6.8720089 | N23: 8.21915 | P23: 9.2614689 | Q23: 12.148388 | S23: 13.389982 | T23: 11.360067
A24: UAB „SEB investicijų valdymas“ | B24: S051 | C24: SEB index. Klimato ateitis | D24: 1 m. 11 mėn. | E24: iki 100 | F24: 3.543515 | G24: 2234 | I24: 19.941811 | J24: 19.941811 | K24: 9.6298594 | L24: - | M24: - | N24: - | P24: - | Q24: - | S24: 11.360067 | T24: -
A25: UAB „Swedbank investicijų valdymas“ | B25: S048 | C25: Pensijos fondas 18+ (apriboto nutraukimo) | D25: 4 m. | E25: iki 100 | F25: 6.492825 | G25: 1941 | I25: 16.340985 | J25: 16.340985 | K25: 7.9140173 | L25: 8.21915 | M25: - | N25: - | P25: 7.6658668 | Q25: - | S25: - | T25: -
A26: UAB „Swedbank investicijų valdymas“ | B26: S052 | C26: Pensijos fondas 18+ | D26: 1 m. 8 mėn. | E26: iki 100 | F26: 6.261222 | G26: 17824 | I26: 15.937466 | J26: 15.937466 | K26: 8.21915 | L26: - | M26: - | N26: - | P26: - | Q26: - | S26: - | T26: -
A27: Luminor investicijų valdymas UAB | B27: S050 | C27: Luminor tvari ateitis index | D27: 2 m. 7 mėn. | E27: iki 100 | F27: 2.837201 | G27: 899 | I27: 15.562983 | J27: 15.562983 | K27: 9.2614689 | L27: - | M27: - | N27: - | P27: - | Q27: - | S27: - | T27: -
A28: Goindex, UAB | B28: S056 | C28: Goindex pasaulio akcijų | D28: 1 m. 5 mėn. | E28: iki 100 | F28: 2.343619 | G28: 901 | I28: 18.206522 | J28: 18.206522 | K28: - | L28: - | M28: - | N28: - | P28: - | Q28: - | S28: - | T28: -
G31: Visų pensijų fondų svertinis vidurkis [5]: | I31: 12.500793 | J31: 12.610516 | K31: 4.59453 | L31: 5.1714167 | M31: 5.7638018 | N31: 6.6955007 | P31: 5.2469134 | Q31: 8.1353307
A33: Pastaba: praeities rezultatai negarantuoja, kad tokie patys ar panašūs rezultatai bus ir ateityje.
A34: [1] Apskaitos vieneto vertės pokytis. Juo atsižvelgiama į atskaitymus nuo turto, tačiau neatsižvelgiama į atskaitymus nuo įmokų, dėl to grynoji grąža yra mažesnė.
A35: [2] Apskaičiuota remiantis apskaitos vieneto vertės pokyčiu per nurodytą laikotarpį. Vidutinė metinė grąža gauta taikant geometrinį vidurkį.
A36: [3] Lyginamasis indeksas apibrėžiamas kaip pensijų kaupimo bendrovės pasirinktas orientacinis investicijų portfelis, atitinkantis fondo investavimo strategiją, su kurio vertės pokyčio reikšme lyginama fondo investicijų portfelio investicijų grąža.
A37: [4] Rodikliui apskaičiuoti naudoti mėnesiniai apskaitos vieneto verčių pokyčiai, rezultatas perskaičiuotas į metinį. Standartinis nuokrypis parodo, kaip intensyviai per laikotarpį svyruoja fondo investicinio vieneto vertė. Kuo šis rodiklis didesnis, tuo didesnė rizika.
A38: [5] Svertiniam vidurkiui apskaičiuoti naudotas 2023-12-29 dienos fondų grynųjų aktyvų dydis.
A39: [6] Grynieji aktyvai – pensijų fondą sudarančio turto vertės ir įsipareigojimų skirtumas.
A40: [7] Nuo 2023-12-01 UAB „INVL Asset Management“ pensijų fondus valdo UAB „SB Asset Management“.

Sheet Papildoma informacija
A1: Pensijų kaupimo bendrovė | B1: Grynųjų aktyvų vertė, mln. | C1: Dalyvių skaičius
A2: Luminor investicijų valdymas UAB | B2: 80.813497 | C2: 34375
A3: UAB „SB Asset Management“ | B3: 122.90775 | C3: 33424
A4: UAB „SEB investicijų valdymas“ | B4: 68.409513 | C4: 18886
A5: UAB „Swedbank investicijų valdymas“ | B5: 19.21535 | C5: 30382
A6: Goindex, UAB | B6: 2.557239 | C6: 999
A7: IŠ VISO: | B7: 293.90335 | C7: 118066
A22: Fondas | B22: Grynųjų aktyvų vertė, mln. (skalė kairėje) | C22: Dalyvių skaičius (skalė dešinėje)
A23: =+'2023-12-31'!C5 -> INVL STABILO III 58+ / INVL Stabilus | B23: =+'2023-12-31'!F5 -> 12.829516 | C23: =+'2023-12-31'!G5 -> 3078
A24: =+'2023-12-31'!C10 -> INVL Apdairus | B24: =+'2023-12-31'!F10 -> 3.982583 | C24: =+'2023-12-31'!G10 -> 1582
A25: =+'2023-12-31'!C11 -> INVL Medio III 47+ | B25: =+'2023-12-31'!F11 -> 22.255581 | C25: =+'2023-12-31'!G11 -> 5229
A26: =+'2023-12-31'!C21 -> INVL Drąsus | B26: =+'2023-12-31'!F21 -> 12.116414 | C26: =+'2023-12-31'!G21 -> 4337
A27: =+'2023-12-31'!C22 -> INVL Extremo III 16+ | B27: =+'2023-12-31'!F22 -> 71.723653 | C27: =+'2023-12-31'!G22 -> 19198
A28: =+'2023-12-31'!C4 -> Luminor ateitis 58 + | B28: =+'2023-12-31'!F4 -> 10.177207 | C28: =+'2023-12-31'!G4 -> 3903
A29: =+'2023-12-31'!C9 -> Luminor ateitis 50 – 58 | B29: =+'2023-12-31'!F9 -> 52.347951 | C29: =+'2023-12-31'!G9 -> 24435
A30: =+'2023-12-31'!C20 -> Luminor ateitis 16 – 50 | B30: =+'2023-12-31'!F20 -> 15.451138 | C30: =+'2023-12-31'!G20 -> 5138
A31: Luminor tvari ateitis index | B31: ='2023-12-31'!F27 -> 2.837201 | C31: ='2023-12-31'!G27 -> 899
A32: =+'2023-12-31'!C16 -> SEB pensija 50+ | B32: =+'2023-12-31'!F16 -> 2.358829 | C32: =+'2023-12-31'!G16 -> 1289
A33: =+'2023-12-31'!C6 -> SEB pensija 58+ | B33: =+'2023-12-31'!F6 -> 9.330945 | C33: =+'2023-12-31'!G6 -> 2139
A34: =+'2023-12-31'!C23 -> SEB pensija 18+ | B34: =+'2023-12-31'!F23 -> 53.176224 | C34: =+'2023-12-31'!G23 -> 13224
A35: SEB index. Klimato ateitis | B35: =+'2023-12-31'!F24 -> 3.543515 | C35: =+'2023-12-31'!G24 -> 2234
A36: Swedbank Pensijos fondas 60+ (apriboto nutraukimo) | B36: =+'2023-12-31'!F12 -> 0.641372 | C36: =+'2023-12-31'!G12 -> 146
A37: Swedbank Pensijos fondas 50+ (apriboto nutraukimo) | B37: =+'2023-12-31'!F13 -> 2.109475 | C37: =+'2023-12-31'!G13 -> 763
A38: Swedbank Pensijos fondas 60+ | B38: =+'2023-12-31'!F14 -> 0.712311 | C38: =+'2023-12-31'!G14 -> 1290
A39: Swedbank Pensijos fondas 50+ | B39: =+'2023-12-31'!F15 -> 2.998145 | C39: =+'2023-12-31'!G15 -> 8418
A40: Swedbank Pensijos fondas 18+ (apriboto nutraukimo) | B40: =+'2023-12-31'!F25 -> 6.492825 | C40: =+'2023-12-31'!G25 -> 1941
A41: Swedbank Pensijos fondas 18+ | B41: =+'2023-12-31'!F26 -> 6.261222 | C41: =+'2023-12-31'!G26 -> 17824
A42: Goindex pasaulio akcijų | B42: ='2023-12-31'!F28 -> 2.343619 | C42: ='2023-12-31'!G28 -> 901
A43: Goindex subalansuotas | B43: ='2023-12-31'!F17 -> 0.21362 | C43: ='2023-12-31'!G17 -> 98
A44: IŠ VISO: | B44: =+SUM(B23:B43) -> 293.90335 | C44: =+SUM(C23:C43) -> 118066
