Workbook

Sheet 2024-06-30
A1: 45565 | I1: FONDŲ GRĄŽA | P1: LYGINAMOJO INDEKSO GRĄŽA [3] | S1: RIZIKOS RODIKLIAI [4]
A2: Pensijų kaupimo bendrovės pavadinimas | B2: Fondo kodas | C2: Pensijų fondo pavadinimas | D2: Veiklos laikotarpis | E2: Rizikingų aktyvų dalis fonde (investicijų į akcijas dalis), proc. | F2: Grynųjų aktyvų [6] vertė, mln. Eur | G2: Dalyvių skaičius | I2: grąža [1] nuo metų pradžios, proc. | J2: vidutinė metinė grąža [2] per praėjusius 1 metus, proc. | K2: vidutinė metinė grąža [2] per praėjusius 3 metus, proc. | L2: vidutinė metinė grąža [2] per praėjusius 5 metus, proc. | M2: vidutinė metinė grąža [2] per praėjusius 10 metų, proc. | N2: vidutinė metinė grąža [2] per praėjusius 15 metų, proc. | P2: vidutinė metinė lyginamojo indekso grąža per praėjusius 3 metus, proc. | Q2: vidutinė metinė lyginamojo indekso grąža per praėjusius 5 metus, proc. | S2: standartinis nuokrypis per praėjusius 5 metus, proc. | T2: standartinis nuokrypis per praėjusius 10 metų, proc.
A3: Obligacijų pensijų fondai | G3: Svertinis vidurkis [5]: | I3: 4.6245106 | J3: 9.7044683 | K3: -0.76167292 | L3: -0.11963127 | M3: 1.0780069 | N3: 2.2026257 | P3: -1.4905996 | Q3: -0.44499512
A4: Luminor investicijų valdymas UAB | B4: S040 | C4: Luminor ateitis 58 + | D4: 10 m. 11 mėn. | E4: 0 | F4: 9.763024 | G4: 3628 | I4: 4.6120844 | J4: 10.1242 | K4: -0.44038511 | L4: -0.62383299 | M4: -0.037516457 | N4: - | P4: -0.15150923 | Q4: -0.15497943 | S4: 3.3271558 | T4: 2.4209398
A5: UAB „SB Asset Management“ | B5: S022 | C5: INVL STABILO III 58+ / INVL Stabilus | D5: 19 m. 9 mėn. | E5: 0 | F5: 12.955869 | G5: 3148 | I5: 4.9684543 | J5: 9.909166 | K5: -0.61226025 | L5: 0.10929812 | M5: 1.417437 | N5: 2.8202284 | P5: -3.3559861 | Q5: -1.6825161 | S5: 4.7269028 | T5: 3.7293429
A6: UAB „SEB investicijų valdymas“ | B6: S017 | C6: SEB pensija 58+ | D6: 19 m. 11 mėn. | E6: iki 8 | F6: 10.006647 | G6: 2379 | I6: 4.1913215 | J6: 9.0299278 | K6: -1.2685871 | L6: 0.075894215 | M6: 0.67514095 | N6: 1.4029992 | P6: -0.38192352 | Q6: 0.87430092 | S6: 4.7528085 | T6: 3.6736904
A8: Mišraus investavimo pensijų fondai | G8: Svertinis vidurkis [5]: | I8: 9.392259 | J8: 15.623293 | K8: 2.3047857 | L8: 3.8248761 | M8: 4.0202581 | N8: 4.7139403 | P8: 2.9427517 | Q8: 4.4026513
A9: Luminor investicijų valdymas UAB | B9: S019 | C9: Luminor ateitis 50 – 58 | D9: 19 m. 11 mėn. | E9: iki 50 | F9: 56.330965 | G9: 23480 | I9: 9.7367937 | J9: 16.240983 | K9: 2.1707829 | L9: 3.602753 | M9: 3.433078 | N9: 4.3495266 | P9: 3.9537391 | Q9: 4.7498048 | S9: 6.6917344 | T9: 5.8993058
A10: UAB „SB Asset Management“ | B10: S039 | C10: INVL Apdairus | D10: 11 m. 4 mėn. | E10: iki 70 | F10: 4.518941 | G10: 1969 | I10: 9.1266719 | J10: 18.07605 | K10: 0.47716048 | L10: 2.4817138 | M10: 3.4155093 | N10: - | P10: 0.98489532 | Q10: 3.2798496 | S10: 10.506345 | T10: 8.7348493
A11: UAB „SB Asset Management“ | B11: S032 | C11: INVL Medio III 47+ | D11: 17 m. | E11: iki 70 | F11: 27.232414 | G11: 5579 | I11: 9.4342655 | J11: 14.648931 | K11: 2.946057 | L11: 4.5072278 | M11: 5.3352077 | N11: 5.4677396 | P11: 1.0509849 | Q11: 3.8708725 | S11: 7.9129178 | T11: 7.1251725
A12: UAB „Swedbank investicijų valdymas“ | B12: S046 | C12: Pensijos fondas 60+ (apriboto nutraukimo) | D12: 4 m. 9 mėn. | E12: iki 30 | F12: 0.81504 | G12: 176 | I12: 5.5307489 | J12: 11.661119 | K12: -0.84768534 | L12: - | M12: - | N12: - | P12: -0.57226095 | Q12: - | S12: - | T12: -
A13: UAB „Swedbank investicijų valdymas“ | B13: S047 | C13: Pensijos fondas 50+ (apriboto nutraukimo) | D13: 4 m. 9 mėn. | E13: iki 60 | F13: 2.892032 | G13: 980 | I13: 7.9522863 | J13: 14.32673 | K13: 1.6937206 | L13: - | M13: - | N13: - | P13: 2.6730754 | Q13: - | S13: - | T13: -
A14: UAB „Swedbank investicijų valdymas“ | B14: S054 | C14: Pensijos fondas 60+ | D14: 2 m. 5 mėn. | E14: iki 30 | F14: 1.330093 | G14: 1916 | I14: 5.2943462 | J14: 11.512346 | K14: - | L14: - | M14: - | N14: - | P14: - | Q14: - | S14: - | T14: -
A15: UAB „Swedbank investicijų valdymas“ | B15: S053 | C15: Pensijos fondas 50+ | D15: 2 m. 5 mėn. | E15: iki 60 | F15: 6.057255 | G15: 12255 | I15: 8.1403172 | J15: 14.6175 | K15: - | L15: - | M15: - | N15: - | P15: - | Q15: - | S15: - | T15: -
A16: UAB „SEB investicijų valdymas“ | B16: S049 | C16: SEB pensija 50+ | D16: 4 m. 7 mėn. | E16: 40-60 | F16: 3.989454 | G16: 2286 | I16: 9.5164942 | J16: 15.41411 | K16: 2.9767269 | L16: - | M16: - | N16: - | P16: 4.7123431 | Q16: - | S16: - | T16: -
A17: Goindex, UAB | B17: S057 | C17: Goindex subalansuotas | D17: 2 m. 2 mėn. | E17: iki 60 | F17: 0.453564 | G17: 179 | I17: 10.490902 | J17: 15.687636 | K17: - | L17: - | M17: - | N17: - | P17: - | Q17: - | S17: - | T17: -
A19: Akcijų pensijų fondai | G19: Svertinis vidurkis [5]: | I19: 14.010285 | J19: 19.867715 | K19: 6.6606119 | L19: 9.1427994 | M19: 8.3168174 | N19: 7.8376349 | P19: 8.4966258 | Q19: 11.227463
A20: Luminor investicijų valdymas UAB | B20: S028 | C20: Luminor ateitis 16 – 50 | D20: 17 m. | E20: iki 100 | F20: 18.601441 | G20: 5276 | I20: 15.199161 | J20: 21.347074 | K20: 4.5742523 | L20: 8.8613954 | M20: 7.6025765 | N20: 7.6810498 | P20: 8.5422879 | Q20: 10.875466 | S20: 13.461266 | T20: 12.422387
A21: UAB „SB Asset Management“ | B21: S021 | C21: INVL Drąsus | D21: 19 m. 9 mėn. | E21: iki 100 | F21: 15.898953 | G21: 5501 | I21: 13.490451 | J21: 18.247248 | K21: 8.4531063 | L21: 9.2997886 | M21: 8.6844324 | N21: 6.9810837 | P21: 7.5688246 | Q21: 11.890139 | S21: 11.974458 | T21: 10.548133
A22: UAB „SB Asset Management“ | B22: S033 | C22: INVL Extremo III 16+ | D22: 17 m. | E22: iki 100 | F22: 93.594215 | G22: 20764 | I22: 13.858665 | J22: 18.911483 | K22: 6.7890589 | L22: 9.1830118 | M22: 8.9487006 | N22: 8.2380747 | P22: 7.9711147 | Q22: 10.606468 | S22: 12.047056 | T22: 11.48708
A23: UAB „SEB investicijų valdymas“ | B23: S018 | C23: SEB pensija 18+ | D23: 19 m. 11 mėn. | E23: iki 100 | F23: 64.340644 | G23: 14937 | I23: 14.085207 | J23: 20.553878 | K23: 6.2527481 | L23: 9.1268671 | M23: 7.5132912 | N23: 7.5120573 | P23: 9.5870823 | Q23: 12.068819 | S23: 12.746411 | T23: 11.485071
A24: UAB „SEB investicijų valdymas“ | B24: S051 | C24: SEB index. Klimato ateitis | D24: 2 m. 8 mėn. | E24: iki 100 | F24: 7.297616 | G24: 3560 | I24: 17.111381 | J24: 24.846461 | K24: - | L24: - | M24: - | N24: - | P24: - | Q24: - | S24: - | T24: -
A25: UAB „Swedbank investicijų valdymas“ | B25: S048 | C25: Pensijos fondas 18+ (apriboto nutraukimo) | D25: 4 m. 9 mėn. | E25: iki 100 | F25: 9.32685 | G25: 2393 | I25: 11.889394 | J25: 18.891747 | K25: 6.6687392 | L25: - | M25: - | N25: - | P25: 7.7381505 | Q25: - | S25: - | T25: -
A26: UAB „Swedbank investicijų valdymas“ | B26: S052 | C26: Pensijos fondas 18+ | D26: 2 m. 5 mėn. | E26: iki 100 | F26: 13.265248 | G26: 28302 | I26: 12.997472 | J26: 19.902623 | K26: - | L26: - | M26: - | N26: - | P26: - | Q26: - | S26: - | T26: -
A27: Luminor investicijų valdymas UAB | B27: S050 | C27: Luminor tvari ateitis index | D27: 3 m. 4 mėn. | E27: iki 100 | F27: 4.216261 | G27: 1135 | I27: 12.852495 | J27: 19.988468 | K27: 5.8001722 | L27: - | M27: - | N27: - | P27: - | Q27: - | S27: - | T27: -
A28: Goindex, UAB | B28: S056 | C28: Goindex pasaulio akcijų | D28: 2 m. 2 mėn. | E28: iki 100 | F28: 5.278354 | G28: 1650 | I28: 16.091954 | J28: 22.783912 | K28: - | L28: - | M28: - | N28: - | P28: - | Q28: - | S28: - | T28: -
G31: Visų pensijų fondų svertinis vidurkis [5]: | I31: 11.87626 | J31: 17.769732 | K31: 4.6619402 | L31: 8.4064489 | M31: 6.3187862 | N31: 6.6491054 | P31: 5.896359 | Q31: 8.0889017
A33: Pastaba: praeities rezultatai negarantuoja, kad tokie patys ar panašūs rezultatai bus ir ateityje.
A34: [1] Apskaitos vieneto vertės pokytis. Juo atsižvelgiama į atskaitymus nuo turto, tačiau neatsižvelgiama į atskaitymus nuo įmokų, dėl to grynoji grąža yra mažesnė.
A35: [2] Apskaičiuota remiantis apskaitos vieneto vertės pokyčiu per nurodytą laikotarpį. Vidutinė metinė grąža gauta taikant geometrinį vidurkį.
A36: [3] Lyginamasis indeksas apibrėžiamas kaip pensijų kaupimo bendrovės pasirinktas orientacinis investicijų portfelis, atitinkantis fondo investavimo strategiją, su kurio vertės pokyčio reikšme lyginama fondo investicijų portfelio investicijų grąža.
A37: [4] Rodikliui apskaičiuoti naudoti mėnesiniai apskaitos vieneto verčių pokyčiai, rezultatas perskaičiuotas į metinį. Standartinis nuokrypis parodo, kaip intensyviai per laikotarpį svyruoja fondo investicinio vieneto vertė. Kuo šis rodiklis didesnis, tuo didesnė rizika.
A38: [5] Svertiniam vidurkiui apskaičiuoti naudotas 2024-09-30 dienos fondų grynųjų aktyvų dydis.
A39: [6] Grynieji aktyvai – pensijų fondą sudarančio turto vertės ir įsipareigojimų skirtumas.

Sheet Papildoma informacija
A1: Pensijų kaupimo bendrovė | B1: Grynųjų aktyvų vertė, mln. | C1: Dalyvių skaičius
A2: Luminor investicijų valdymas UAB | B2: =+B28+B29+B30+B31 -> 88.911691 | C2: =+C28+C29+C30+C31 -> 33519
A3: UAB „SB Asset Management“ | B3: =+B23+B24+B25+B27+B26 -> 154.20039 | C3: =+C23+C24+C25+C27+C26 -> 36961
A4: UAB „SEB investicijų valdymas“ | B4: =+B33+B34+B32+B35 -> 85.634361 | C4: =+C33+C34+C32+C35 -> 23162
A5: UAB „Swedbank investicijų valdymas“ | B5: =+B36+B37+B38+B39+B40+B41 -> 33.686518 | C5: =+C36+C37+C38++C39+C40+C41 -> 46022
A6: Goindex, UAB | B6: =B42+B43 -> 5.731918 | C6: =C42+C43 -> 1829
A7: IŠ VISO: | B7: =+SUM(B2:B6) -> 368.16488 | C7: =+SUM(C2:C6) -> 141493
A22: Fondas | B22: Grynųjų aktyvų vertė, mln. (skalė kairėje) | C22: Dalyvių skaičius (skalė dešinėje)
A23: =+'2024-06-30'!C5 -> INVL STABILO III 58+ / INVL Stabilus | B23: =+'2024-06-30'!F5 -> 12.955869 | C23: =+'2024-06-30'!G5 -> 3148
A24: =+'2024-06-30'!C10 -> INVL Apdairus | B24: =+'2024-06-30'!F10 -> 4.518941 | C24: =+'2024-06-30'!G10 -> 1969
A25: =+'2024-06-30'!C11 -> INVL Medio III 47+ | B25: =+'2024-06-30'!F11 -> 27.232414 | C25: =+'2024-06-30'!G11 -> 5579
A26: =+'2024-06-30'!C21 -> INVL Drąsus | B26: =+'2024-06-30'!F21 -> 15.898953 | C26: =+'2024-06-30'!G21 -> 5501
A27: =+'2024-06-30'!C22 -> INVL Extremo III 16+ | B27: =+'2024-06-30'!F22 -> 93.594215 | C27: =+'2024-06-30'!G22 -> 20764
A28: =+'2024-06-30'!C4 -> Luminor ateitis 58 + | B28: =+'2024-06-30'!F4 -> 9.763024 | C28: =+'2024-06-30'!G4 -> 3628
A29: =+'2024-06-30'!C9 -> Luminor ateitis 50 – 58 | B29: =+'2024-06-30'!F9 -> 56.330965 | C29: =+'2024-06-30'!G9 -> 23480
A30: =+'2024-06-30'!C20 -> Luminor ateitis 16 – 50 | B30: =+'2024-06-30'!F20 -> 18.601441 | C30: =+'2024-06-30'!G20 -> 5276
A31: Luminor tvari ateitis index | B31: ='2024-06-30'!F27 -> 4.216261 | C31: ='2024-06-30'!G27 -> 1135
A32: =+'2024-06-30'!C16 -> SEB pensija 50+ | B32: =+'2024-06-30'!F16 -> 3.989454 | C32: =+'2024-06-30'!G16 -> 2286
A33: =+'2024-06-30'!C6 -> SEB pensija 58+ | B33: =+'2024-06-30'!F6 -> 10.006647 | C33: =+'2024-06-30'!G6 -> 2379
A34: =+'2024-06-30'!C23 -> SEB pensija 18+ | B34: =+'2024-06-30'!F23 -> 64.340644 | C34: =+'2024-06-30'!G23 -> 14937
A35: SEB index. Klimato ateitis | B35: =+'2024-06-30'!F24 -> 7.297616 | C35: =+'2024-06-30'!G24 -> 3560
A36: Swedbank Pensijos fondas 60+ (apriboto nutraukimo) | B36: =+'2024-06-30'!F12 -> 0.81504 | C36: =+'2024-06-30'!G12 -> 176
A37: Swedbank Pensijos fondas 50+ (apriboto nutraukimo) | B37: =+'2024-06-30'!F13 -> 2.892032 | C37: =+'2024-06-30'!G13 -> 980
A38: Swedbank Pensijos fondas 60+ | B38: =+'2024-06-30'!F14 -> 1.330093 | C38: =+'2024-06-30'!G14 -> 1916
A39: Swedbank Pensijos fondas 50+ | B39: =+'2024-06-30'!F15 -> 6.057255 | C39: =+'2024-06-30'!G15 -> 12255
A40: Swedbank Pensijos fondas 18+ (apriboto nutraukimo) | B40: =+'2024-06-30'!F25 -> 9.32685 | C40: =+'2024-06-30'!G25 -> 2393
A41: Swedbank Pensijos fondas 18+ | B41: =+'2024-06-30'!F26 -> 13.265248 | C41: =+'2024-06-30'!G26 -> 28302
A42: Goindex pasaulio akcijų | B42: ='2024-06-30'!F28 -> 5.278354 | C42: ='2024-06-30'!G28 -> 1650
A43: Goindex subalansuotas | B43: ='2024-06-30'!F17 -> 0.453564 | C43: ='2024-06-30'!G17 -> 179
A44: IŠ VISO: | B44: =+SUM(B23:B43) -> 368.16488 | C44: =+SUM(C23:C43) -> 141493
